2025-05-19 17:32:34 INFO  com.yxbear.sg.SgAppMain - [StartupInfoLogger.java:53] Starting SgAppMain v1.0.0 using Java 21.0.3 with PID 16876 (D:\projects\yxbear.top\yxsg\sg\target\classes started by Administrator in D:\projects\yxbear.top\yxsg\sg)
2025-05-19 17:32:34 INFO  com.yxbear.sg.SgAppMain - [SpringApplication.java:652] No active profile set, falling back to 1 default profile: "default"
2025-05-19 17:32:35 INFO  o.s.b.w.s.c.ServletWebServerApplicationContext - [ServletWebServerApplicationContext.java:301] Root WebApplicationContext: initialization completed in 1815 ms
2025-05-19 17:32:41 INFO  c.yxbear.core.coder.CoderController - [CoderController.java:43] 代码生成器加载成功!========================>
2025-05-19 17:32:42 INFO  com.yxbear.sg.SgAppMain - [StartupInfoLogger.java:59] Started SgAppMain in 9.268 seconds (process running for 9.838)
2025-05-19 17:35:45 INFO  com.yxbear.sg.SgAppMain - [StartupInfoLogger.java:53] Starting SgAppMain v1.0.0 using Java 21.0.3 with PID 13180 (D:\projects\yxbear.top\yxsg\sg\target\classes started by Administrator in D:\projects\yxbear.top\yxsg\sg)
2025-05-19 17:35:45 INFO  com.yxbear.sg.SgAppMain - [SpringApplication.java:652] No active profile set, falling back to 1 default profile: "default"
2025-05-19 17:35:47 INFO  o.s.b.w.s.c.ServletWebServerApplicationContext - [ServletWebServerApplicationContext.java:301] Root WebApplicationContext: initialization completed in 2137 ms
2025-05-19 17:35:52 INFO  c.yxbear.core.coder.CoderController - [CoderController.java:43] 代码生成器加载成功!========================>
2025-05-19 17:35:54 INFO  com.yxbear.sg.SgAppMain - [StartupInfoLogger.java:59] Started SgAppMain in 9.749 seconds (process running for 10.302)
2025-05-19 17:36:52 INFO  com.yxbear.sg.SgAppMain - [StartupInfoLogger.java:53] Starting SgAppMain v1.0.0 using Java 21.0.3 with PID 10248 (D:\projects\yxbear.top\yxsg\sg\target\classes started by Administrator in D:\projects\yxbear.top\yxsg\sg)
2025-05-19 17:36:52 INFO  com.yxbear.sg.SgAppMain - [SpringApplication.java:652] No active profile set, falling back to 1 default profile: "default"
2025-05-19 17:36:53 DEBUG o.m.s.b.a.MybatisAutoConfiguration - [MybatisAutoConfiguration.java:247] Searching for mappers annotated with @Mapper
2025-05-19 17:36:53 DEBUG o.m.s.b.a.MybatisAutoConfiguration - [MybatisAutoConfiguration.java:251] Using auto-configuration base package 'com.yxbear.sg'
2025-05-19 17:36:54 DEBUG o.m.s.mapper.ClassPathMapperScanner - [ClassPathScanningCandidateComponentProvider.java:476] Identified candidate component class: file [D:\projects\yxbear.top\yxsg\sg\target\classes\com\yxbear\sg\domain\mapper\cfg\CfgBuildingConditionMapper.class]
2025-05-19 17:36:54 DEBUG o.m.s.mapper.ClassPathMapperScanner - [ClassPathScanningCandidateComponentProvider.java:476] Identified candidate component class: file [D:\projects\yxbear.top\yxsg\sg\target\classes\com\yxbear\sg\domain\mapper\cfg\CfgBuildingLevelMapper.class]
2025-05-19 17:36:54 DEBUG o.m.s.mapper.ClassPathMapperScanner - [ClassPathScanningCandidateComponentProvider.java:476] Identified candidate component class: file [D:\projects\yxbear.top\yxsg\sg\target\classes\com\yxbear\sg\domain\mapper\cfg\CfgBuildingMapper.class]
2025-05-19 17:36:54 DEBUG o.m.s.mapper.ClassPathMapperScanner - [ClassPathScanningCandidateComponentProvider.java:476] Identified candidate component class: file [D:\projects\yxbear.top\yxsg\sg\target\classes\com\yxbear\sg\domain\mapper\cfg\CfgGoodsMapper.class]
2025-05-19 17:36:54 DEBUG o.m.s.mapper.ClassPathMapperScanner - [ClassPathScanningCandidateComponentProvider.java:476] Identified candidate component class: file [D:\projects\yxbear.top\yxsg\sg\target\classes\com\yxbear\sg\domain\mapper\gi\ext\GiCityExtMapper.class]
2025-05-19 17:36:54 DEBUG o.m.s.mapper.ClassPathMapperScanner - [ClassPathScanningCandidateComponentProvider.java:476] Identified candidate component class: file [D:\projects\yxbear.top\yxsg\sg\target\classes\com\yxbear\sg\domain\mapper\gi\ext\GiCityResourceExtMapper.class]
2025-05-19 17:36:54 DEBUG o.m.s.mapper.ClassPathMapperScanner - [ClassPathScanningCandidateComponentProvider.java:476] Identified candidate component class: file [D:\projects\yxbear.top\yxsg\sg\target\classes\com\yxbear\sg\domain\mapper\gi\GiCityBuildMapper.class]
2025-05-19 17:36:54 DEBUG o.m.s.mapper.ClassPathMapperScanner - [ClassPathScanningCandidateComponentProvider.java:476] Identified candidate component class: file [D:\projects\yxbear.top\yxsg\sg\target\classes\com\yxbear\sg\domain\mapper\gi\GiCityDefenceMapper.class]
2025-05-19 17:36:54 DEBUG o.m.s.mapper.ClassPathMapperScanner - [ClassPathScanningCandidateComponentProvider.java:476] Identified candidate component class: file [D:\projects\yxbear.top\yxsg\sg\target\classes\com\yxbear\sg\domain\mapper\gi\GiCityHeroMapper.class]
2025-05-19 17:36:54 DEBUG o.m.s.mapper.ClassPathMapperScanner - [ClassPathScanningCandidateComponentProvider.java:476] Identified candidate component class: file [D:\projects\yxbear.top\yxsg\sg\target\classes\com\yxbear\sg\domain\mapper\gi\GiCityMapper.class]
2025-05-19 17:36:54 DEBUG o.m.s.mapper.ClassPathMapperScanner - [ClassPathScanningCandidateComponentProvider.java:476] Identified candidate component class: file [D:\projects\yxbear.top\yxsg\sg\target\classes\com\yxbear\sg\domain\mapper\gi\GiCityResourceAddMapper.class]
2025-05-19 17:36:54 DEBUG o.m.s.mapper.ClassPathMapperScanner - [ClassPathScanningCandidateComponentProvider.java:476] Identified candidate component class: file [D:\projects\yxbear.top\yxsg\sg\target\classes\com\yxbear\sg\domain\mapper\gi\GiCityResourceMapper.class]
2025-05-19 17:36:54 DEBUG o.m.s.mapper.ClassPathMapperScanner - [ClassPathScanningCandidateComponentProvider.java:476] Identified candidate component class: file [D:\projects\yxbear.top\yxsg\sg\target\classes\com\yxbear\sg\domain\mapper\gi\GiCitySoldierMapper.class]
2025-05-19 17:36:54 DEBUG o.m.s.mapper.ClassPathMapperScanner - [ClassPathScanningCandidateComponentProvider.java:476] Identified candidate component class: file [D:\projects\yxbear.top\yxsg\sg\target\classes\com\yxbear\sg\domain\mapper\gi\GiGoodsMapper.class]
2025-05-19 17:36:54 DEBUG o.m.s.mapper.ClassPathMapperScanner - [ClassPathScanningCandidateComponentProvider.java:476] Identified candidate component class: file [D:\projects\yxbear.top\yxsg\sg\target\classes\com\yxbear\sg\domain\mapper\gi\GiPlayerMapper.class]
2025-05-19 17:36:54 DEBUG o.m.s.mapper.ClassPathMapperScanner - [ClassPathScanningCandidateComponentProvider.java:476] Identified candidate component class: file [D:\projects\yxbear.top\yxsg\sg\target\classes\com\yxbear\sg\domain\mapper\gi\GiUnionMapper.class]
2025-05-19 17:36:54 DEBUG o.m.s.mapper.ClassPathMapperScanner - [ClassPathScanningCandidateComponentProvider.java:476] Identified candidate component class: file [D:\projects\yxbear.top\yxsg\sg\target\classes\com\yxbear\sg\domain\mapper\mem\MemCityBuildUpgradingMapper.class]
2025-05-19 17:36:54 DEBUG o.m.s.mapper.ClassPathMapperScanner - [ClassPathScanningCandidateComponentProvider.java:476] Identified candidate component class: file [D:\projects\yxbear.top\yxsg\sg\target\classes\com\yxbear\sg\domain\mapper\mem\MemTechnicUpgradingMapper.class]
2025-05-19 17:36:54 DEBUG o.m.s.mapper.ClassPathMapperScanner - [ClassPathScanningCandidateComponentProvider.java:476] Identified candidate component class: file [D:\projects\yxbear.top\yxsg\sg\target\classes\com\yxbear\sg\domain\mapper\mem\MemWorldTileExtMapper.class]
2025-05-19 17:36:54 DEBUG o.m.s.mapper.ClassPathMapperScanner - [ClassPathScanningCandidateComponentProvider.java:476] Identified candidate component class: file [D:\projects\yxbear.top\yxsg\sg\target\classes\com\yxbear\sg\domain\mapper\mem\MemWorldTileMapper.class]
2025-05-19 17:36:54 DEBUG o.m.s.mapper.ClassPathMapperScanner - [ClassPathScanningCandidateComponentProvider.java:476] Identified candidate component class: file [D:\projects\yxbear.top\yxsg\sg\target\classes\com\yxbear\sg\domain\mapper\sys\SysUserLogMapper.class]
2025-05-19 17:36:54 DEBUG o.m.s.mapper.ClassPathMapperScanner - [ClassPathScanningCandidateComponentProvider.java:476] Identified candidate component class: file [D:\projects\yxbear.top\yxsg\sg\target\classes\com\yxbear\sg\domain\mapper\sys\SysUserMapper.class]
2025-05-19 17:36:54 DEBUG o.m.s.mapper.ClassPathMapperScanner - [Logger.java:49] Creating MapperFactoryBean with name 'cfgBuildingConditionMapper' and 'com.yxbear.sg.domain.mapper.cfg.CfgBuildingConditionMapper' mapperInterface
2025-05-19 17:36:54 DEBUG o.m.s.mapper.ClassPathMapperScanner - [Logger.java:49] Creating MapperFactoryBean with name 'cfgBuildingLevelMapper' and 'com.yxbear.sg.domain.mapper.cfg.CfgBuildingLevelMapper' mapperInterface
2025-05-19 17:36:54 DEBUG o.m.s.mapper.ClassPathMapperScanner - [Logger.java:49] Creating MapperFactoryBean with name 'cfgBuildingMapper' and 'com.yxbear.sg.domain.mapper.cfg.CfgBuildingMapper' mapperInterface
2025-05-19 17:36:54 DEBUG o.m.s.mapper.ClassPathMapperScanner - [Logger.java:49] Creating MapperFactoryBean with name 'cfgGoodsMapper' and 'com.yxbear.sg.domain.mapper.cfg.CfgGoodsMapper' mapperInterface
2025-05-19 17:36:54 DEBUG o.m.s.mapper.ClassPathMapperScanner - [Logger.java:49] Creating MapperFactoryBean with name 'giCityExtMapper' and 'com.yxbear.sg.domain.mapper.gi.ext.GiCityExtMapper' mapperInterface
2025-05-19 17:36:54 DEBUG o.m.s.mapper.ClassPathMapperScanner - [Logger.java:49] Creating MapperFactoryBean with name 'giCityResourceExtMapper' and 'com.yxbear.sg.domain.mapper.gi.ext.GiCityResourceExtMapper' mapperInterface
2025-05-19 17:36:54 DEBUG o.m.s.mapper.ClassPathMapperScanner - [Logger.java:49] Creating MapperFactoryBean with name 'giCityBuildMapper' and 'com.yxbear.sg.domain.mapper.gi.GiCityBuildMapper' mapperInterface
2025-05-19 17:36:54 DEBUG o.m.s.mapper.ClassPathMapperScanner - [Logger.java:49] Creating MapperFactoryBean with name 'giCityDefenceMapper' and 'com.yxbear.sg.domain.mapper.gi.GiCityDefenceMapper' mapperInterface
2025-05-19 17:36:54 DEBUG o.m.s.mapper.ClassPathMapperScanner - [Logger.java:49] Creating MapperFactoryBean with name 'giCityHeroMapper' and 'com.yxbear.sg.domain.mapper.gi.GiCityHeroMapper' mapperInterface
2025-05-19 17:36:54 DEBUG o.m.s.mapper.ClassPathMapperScanner - [Logger.java:49] Creating MapperFactoryBean with name 'giCityMapper' and 'com.yxbear.sg.domain.mapper.gi.GiCityMapper' mapperInterface
2025-05-19 17:36:54 DEBUG o.m.s.mapper.ClassPathMapperScanner - [Logger.java:49] Creating MapperFactoryBean with name 'giCityResourceAddMapper' and 'com.yxbear.sg.domain.mapper.gi.GiCityResourceAddMapper' mapperInterface
2025-05-19 17:36:54 DEBUG o.m.s.mapper.ClassPathMapperScanner - [Logger.java:49] Creating MapperFactoryBean with name 'giCityResourceMapper' and 'com.yxbear.sg.domain.mapper.gi.GiCityResourceMapper' mapperInterface
2025-05-19 17:36:54 DEBUG o.m.s.mapper.ClassPathMapperScanner - [Logger.java:49] Creating MapperFactoryBean with name 'giCitySoldierMapper' and 'com.yxbear.sg.domain.mapper.gi.GiCitySoldierMapper' mapperInterface
2025-05-19 17:36:54 DEBUG o.m.s.mapper.ClassPathMapperScanner - [Logger.java:49] Creating MapperFactoryBean with name 'giGoodsMapper' and 'com.yxbear.sg.domain.mapper.gi.GiGoodsMapper' mapperInterface
2025-05-19 17:36:54 DEBUG o.m.s.mapper.ClassPathMapperScanner - [Logger.java:49] Creating MapperFactoryBean with name 'giPlayerMapper' and 'com.yxbear.sg.domain.mapper.gi.GiPlayerMapper' mapperInterface
2025-05-19 17:36:54 DEBUG o.m.s.mapper.ClassPathMapperScanner - [Logger.java:49] Creating MapperFactoryBean with name 'giUnionMapper' and 'com.yxbear.sg.domain.mapper.gi.GiUnionMapper' mapperInterface
2025-05-19 17:36:54 DEBUG o.m.s.mapper.ClassPathMapperScanner - [Logger.java:49] Creating MapperFactoryBean with name 'memCityBuildUpgradingMapper' and 'com.yxbear.sg.domain.mapper.mem.MemCityBuildUpgradingMapper' mapperInterface
2025-05-19 17:36:54 DEBUG o.m.s.mapper.ClassPathMapperScanner - [Logger.java:49] Creating MapperFactoryBean with name 'memTechnicUpgradingMapper' and 'com.yxbear.sg.domain.mapper.mem.MemTechnicUpgradingMapper' mapperInterface
2025-05-19 17:36:54 DEBUG o.m.s.mapper.ClassPathMapperScanner - [Logger.java:49] Creating MapperFactoryBean with name 'memWorldTileExtMapper' and 'com.yxbear.sg.domain.mapper.mem.MemWorldTileExtMapper' mapperInterface
2025-05-19 17:36:54 DEBUG o.m.s.mapper.ClassPathMapperScanner - [Logger.java:49] Creating MapperFactoryBean with name 'memWorldTileMapper' and 'com.yxbear.sg.domain.mapper.mem.MemWorldTileMapper' mapperInterface
2025-05-19 17:36:54 DEBUG o.m.s.mapper.ClassPathMapperScanner - [Logger.java:49] Creating MapperFactoryBean with name 'sysUserLogMapper' and 'com.yxbear.sg.domain.mapper.sys.SysUserLogMapper' mapperInterface
2025-05-19 17:36:54 DEBUG o.m.s.mapper.ClassPathMapperScanner - [Logger.java:49] Creating MapperFactoryBean with name 'sysUserMapper' and 'com.yxbear.sg.domain.mapper.sys.SysUserMapper' mapperInterface
2025-05-19 17:36:54 INFO  o.s.b.w.s.c.ServletWebServerApplicationContext - [ServletWebServerApplicationContext.java:301] Root WebApplicationContext: initialization completed in 2029 ms
2025-05-19 17:36:59 DEBUG o.m.spring.SqlSessionFactoryBean - [Logger.java:49] Property 'mapperLocations' was not specified.
2025-05-19 17:36:59 DEBUG org.mybatis.spring.SqlSessionUtils - [Logger.java:49] Creating a new SqlSession
2025-05-19 17:36:59 DEBUG org.mybatis.spring.SqlSessionUtils - [Logger.java:49] SqlSession [org.apache.ibatis.session.defaults.DefaultSqlSession@3181d4de] was not registered for synchronization because synchronization is not active
2025-05-19 17:36:59 DEBUG o.m.s.t.SpringManagedTransaction - [Logger.java:49] JDBC Connection [HikariProxyConnection@2036295297 wrapping conn0: url=jdbc:h2:file:./data/sg user=YXBEAR] will not be managed by Spring
2025-05-19 17:36:59 DEBUG org.mybatis.spring.SqlSessionUtils - [Logger.java:49] Closing non transactional SqlSession [org.apache.ibatis.session.defaults.DefaultSqlSession@3181d4de]
2025-05-19 17:36:59 DEBUG org.mybatis.spring.SqlSessionUtils - [Logger.java:49] Creating a new SqlSession
2025-05-19 17:36:59 DEBUG org.mybatis.spring.SqlSessionUtils - [Logger.java:49] SqlSession [org.apache.ibatis.session.defaults.DefaultSqlSession@7cdb7fc] was not registered for synchronization because synchronization is not active
2025-05-19 17:36:59 DEBUG o.m.s.t.SpringManagedTransaction - [Logger.java:49] JDBC Connection [HikariProxyConnection@1483228092 wrapping conn0: url=jdbc:h2:file:./data/sg user=YXBEAR] will not be managed by Spring
2025-05-19 17:36:59 DEBUG org.mybatis.spring.SqlSessionUtils - [Logger.java:49] Closing non transactional SqlSession [org.apache.ibatis.session.defaults.DefaultSqlSession@7cdb7fc]
2025-05-19 17:36:59 DEBUG org.mybatis.spring.SqlSessionUtils - [Logger.java:49] Creating a new SqlSession
2025-05-19 17:36:59 DEBUG org.mybatis.spring.SqlSessionUtils - [Logger.java:49] SqlSession [org.apache.ibatis.session.defaults.DefaultSqlSession@1182413a] was not registered for synchronization because synchronization is not active
2025-05-19 17:36:59 DEBUG o.m.s.t.SpringManagedTransaction - [Logger.java:49] JDBC Connection [HikariProxyConnection@1528099970 wrapping conn0: url=jdbc:h2:file:./data/sg user=YXBEAR] will not be managed by Spring
2025-05-19 17:36:59 DEBUG org.mybatis.spring.SqlSessionUtils - [Logger.java:49] Closing non transactional SqlSession [org.apache.ibatis.session.defaults.DefaultSqlSession@1182413a]
2025-05-19 17:37:00 INFO  c.yxbear.core.coder.CoderController - [CoderController.java:43] 代码生成器加载成功!========================>
2025-05-19 17:37:00 DEBUG o.m.s.b.a.MybatisAutoConfiguration - [MybatisAutoConfiguration.java:319] Not found configuration for registering mapper bean using @MapperScan, MapperFactoryBean and MapperScannerConfigurer.
2025-05-19 17:37:00 DEBUG org.mybatis.spring.SqlSessionUtils - [Logger.java:49] Creating a new SqlSession
2025-05-19 17:37:00 DEBUG org.mybatis.spring.SqlSessionUtils - [Logger.java:49] SqlSession [org.apache.ibatis.session.defaults.DefaultSqlSession@669c2b07] was not registered for synchronization because synchronization is not active
2025-05-19 17:37:00 DEBUG o.m.s.t.SpringManagedTransaction - [Logger.java:49] JDBC Connection [HikariProxyConnection@1311253681 wrapping conn1: url=jdbc:h2:file:./data/sg user=YXBEAR] will not be managed by Spring
2025-05-19 17:37:01 DEBUG org.mybatis.spring.SqlSessionUtils - [Logger.java:49] Closing non transactional SqlSession [org.apache.ibatis.session.defaults.DefaultSqlSession@669c2b07]
2025-05-19 17:37:01 INFO  com.yxbear.sg.SgAppMain - [StartupInfoLogger.java:59] Started SgAppMain in 9.361 seconds (process running for 9.885)
2025-05-19 17:37:01 DEBUG org.mybatis.spring.SqlSessionUtils - [Logger.java:49] Creating a new SqlSession
2025-05-19 17:37:01 DEBUG org.mybatis.spring.SqlSessionUtils - [Logger.java:49] Registering transaction synchronization for SqlSession [org.apache.ibatis.session.defaults.DefaultSqlSession@11546e3c]
2025-05-19 17:37:01 DEBUG o.m.s.t.SpringManagedTransaction - [Logger.java:49] JDBC Connection [HikariProxyConnection@260557055 wrapping conn0: url=jdbc:h2:file:./data/sg user=YXBEAR] will be managed by Spring
2025-05-19 17:37:01 DEBUG org.mybatis.spring.SqlSessionUtils - [Logger.java:49] Releasing transactional SqlSession [org.apache.ibatis.session.defaults.DefaultSqlSession@11546e3c]
2025-05-19 17:37:01 DEBUG org.mybatis.spring.SqlSessionUtils - [Logger.java:49] Transaction synchronization committing SqlSession [org.apache.ibatis.session.defaults.DefaultSqlSession@11546e3c]
2025-05-19 17:37:01 DEBUG org.mybatis.spring.SqlSessionUtils - [Logger.java:49] Transaction synchronization deregistering SqlSession [org.apache.ibatis.session.defaults.DefaultSqlSession@11546e3c]
2025-05-19 17:37:01 DEBUG org.mybatis.spring.SqlSessionUtils - [Logger.java:49] Transaction synchronization closing SqlSession [org.apache.ibatis.session.defaults.DefaultSqlSession@11546e3c]
2025-05-19 17:37:02 DEBUG org.mybatis.spring.SqlSessionUtils - [Logger.java:49] Creating a new SqlSession
2025-05-19 17:37:02 DEBUG org.mybatis.spring.SqlSessionUtils - [Logger.java:49] Registering transaction synchronization for SqlSession [org.apache.ibatis.session.defaults.DefaultSqlSession@2993c107]
2025-05-19 17:37:02 DEBUG o.m.s.t.SpringManagedTransaction - [Logger.java:49] JDBC Connection [HikariProxyConnection@1718165630 wrapping conn0: url=jdbc:h2:file:./data/sg user=YXBEAR] will be managed by Spring
2025-05-19 17:37:02 DEBUG org.mybatis.spring.SqlSessionUtils - [Logger.java:49] Releasing transactional SqlSession [org.apache.ibatis.session.defaults.DefaultSqlSession@2993c107]
2025-05-19 17:37:02 DEBUG org.mybatis.spring.SqlSessionUtils - [Logger.java:49] Transaction synchronization committing SqlSession [org.apache.ibatis.session.defaults.DefaultSqlSession@2993c107]
2025-05-19 17:37:02 DEBUG org.mybatis.spring.SqlSessionUtils - [Logger.java:49] Transaction synchronization deregistering SqlSession [org.apache.ibatis.session.defaults.DefaultSqlSession@2993c107]
2025-05-19 17:37:02 DEBUG org.mybatis.spring.SqlSessionUtils - [Logger.java:49] Transaction synchronization closing SqlSession [org.apache.ibatis.session.defaults.DefaultSqlSession@2993c107]
2025-05-19 17:37:03 DEBUG org.mybatis.spring.SqlSessionUtils - [Logger.java:49] Creating a new SqlSession
2025-05-19 17:37:03 DEBUG org.mybatis.spring.SqlSessionUtils - [Logger.java:49] Registering transaction synchronization for SqlSession [org.apache.ibatis.session.defaults.DefaultSqlSession@5984d2b6]
2025-05-19 17:37:03 DEBUG o.m.s.t.SpringManagedTransaction - [Logger.java:49] JDBC Connection [HikariProxyConnection@1561977283 wrapping conn0: url=jdbc:h2:file:./data/sg user=YXBEAR] will be managed by Spring
2025-05-19 17:37:03 DEBUG org.mybatis.spring.SqlSessionUtils - [Logger.java:49] Releasing transactional SqlSession [org.apache.ibatis.session.defaults.DefaultSqlSession@5984d2b6]
2025-05-19 17:37:03 DEBUG org.mybatis.spring.SqlSessionUtils - [Logger.java:49] Transaction synchronization committing SqlSession [org.apache.ibatis.session.defaults.DefaultSqlSession@5984d2b6]
2025-05-19 17:37:03 DEBUG org.mybatis.spring.SqlSessionUtils - [Logger.java:49] Transaction synchronization deregistering SqlSession [org.apache.ibatis.session.defaults.DefaultSqlSession@5984d2b6]
2025-05-19 17:37:03 DEBUG org.mybatis.spring.SqlSessionUtils - [Logger.java:49] Transaction synchronization closing SqlSession [org.apache.ibatis.session.defaults.DefaultSqlSession@5984d2b6]
2025-05-19 17:37:04 DEBUG org.mybatis.spring.SqlSessionUtils - [Logger.java:49] Creating a new SqlSession
2025-05-19 17:37:04 DEBUG org.mybatis.spring.SqlSessionUtils - [Logger.java:49] Registering transaction synchronization for SqlSession [org.apache.ibatis.session.defaults.DefaultSqlSession@529b4cd7]
2025-05-19 17:37:04 DEBUG o.m.s.t.SpringManagedTransaction - [Logger.java:49] JDBC Connection [HikariProxyConnection@492937935 wrapping conn0: url=jdbc:h2:file:./data/sg user=YXBEAR] will be managed by Spring
2025-05-19 17:37:04 DEBUG org.mybatis.spring.SqlSessionUtils - [Logger.java:49] Releasing transactional SqlSession [org.apache.ibatis.session.defaults.DefaultSqlSession@529b4cd7]
2025-05-19 17:37:04 DEBUG org.mybatis.spring.SqlSessionUtils - [Logger.java:49] Transaction synchronization committing SqlSession [org.apache.ibatis.session.defaults.DefaultSqlSession@529b4cd7]
2025-05-19 17:37:04 DEBUG org.mybatis.spring.SqlSessionUtils - [Logger.java:49] Transaction synchronization deregistering SqlSession [org.apache.ibatis.session.defaults.DefaultSqlSession@529b4cd7]
2025-05-19 17:37:04 DEBUG org.mybatis.spring.SqlSessionUtils - [Logger.java:49] Transaction synchronization closing SqlSession [org.apache.ibatis.session.defaults.DefaultSqlSession@529b4cd7]
2025-05-19 17:37:05 DEBUG org.mybatis.spring.SqlSessionUtils - [Logger.java:49] Creating a new SqlSession
2025-05-19 17:37:05 DEBUG org.mybatis.spring.SqlSessionUtils - [Logger.java:49] Registering transaction synchronization for SqlSession [org.apache.ibatis.session.defaults.DefaultSqlSession@1594a840]
2025-05-19 17:37:05 DEBUG o.m.s.t.SpringManagedTransaction - [Logger.java:49] JDBC Connection [HikariProxyConnection@2102287744 wrapping conn0: url=jdbc:h2:file:./data/sg user=YXBEAR] will be managed by Spring
2025-05-19 17:37:05 DEBUG org.mybatis.spring.SqlSessionUtils - [Logger.java:49] Releasing transactional SqlSession [org.apache.ibatis.session.defaults.DefaultSqlSession@1594a840]
2025-05-19 17:37:05 DEBUG org.mybatis.spring.SqlSessionUtils - [Logger.java:49] Transaction synchronization committing SqlSession [org.apache.ibatis.session.defaults.DefaultSqlSession@1594a840]
2025-05-19 17:37:05 DEBUG org.mybatis.spring.SqlSessionUtils - [Logger.java:49] Transaction synchronization deregistering SqlSession [org.apache.ibatis.session.defaults.DefaultSqlSession@1594a840]
2025-05-19 17:37:05 DEBUG org.mybatis.spring.SqlSessionUtils - [Logger.java:49] Transaction synchronization closing SqlSession [org.apache.ibatis.session.defaults.DefaultSqlSession@1594a840]
2025-05-19 17:37:06 DEBUG org.mybatis.spring.SqlSessionUtils - [Logger.java:49] Creating a new SqlSession
2025-05-19 17:37:06 DEBUG org.mybatis.spring.SqlSessionUtils - [Logger.java:49] Registering transaction synchronization for SqlSession [org.apache.ibatis.session.defaults.DefaultSqlSession@4d283cc1]
2025-05-19 17:37:06 DEBUG o.m.s.t.SpringManagedTransaction - [Logger.java:49] JDBC Connection [HikariProxyConnection@2030093439 wrapping conn0: url=jdbc:h2:file:./data/sg user=YXBEAR] will be managed by Spring
2025-05-19 17:37:06 DEBUG org.mybatis.spring.SqlSessionUtils - [Logger.java:49] Releasing transactional SqlSession [org.apache.ibatis.session.defaults.DefaultSqlSession@4d283cc1]
2025-05-19 17:37:06 DEBUG org.mybatis.spring.SqlSessionUtils - [Logger.java:49] Transaction synchronization committing SqlSession [org.apache.ibatis.session.defaults.DefaultSqlSession@4d283cc1]
2025-05-19 17:37:06 DEBUG org.mybatis.spring.SqlSessionUtils - [Logger.java:49] Transaction synchronization deregistering SqlSession [org.apache.ibatis.session.defaults.DefaultSqlSession@4d283cc1]
2025-05-19 17:37:06 DEBUG org.mybatis.spring.SqlSessionUtils - [Logger.java:49] Transaction synchronization closing SqlSession [org.apache.ibatis.session.defaults.DefaultSqlSession@4d283cc1]
2025-05-19 17:37:07 DEBUG org.mybatis.spring.SqlSessionUtils - [Logger.java:49] Creating a new SqlSession
2025-05-19 17:37:07 DEBUG org.mybatis.spring.SqlSessionUtils - [Logger.java:49] Registering transaction synchronization for SqlSession [org.apache.ibatis.session.defaults.DefaultSqlSession@75c231aa]
2025-05-19 17:37:07 DEBUG o.m.s.t.SpringManagedTransaction - [Logger.java:49] JDBC Connection [HikariProxyConnection@972154977 wrapping conn0: url=jdbc:h2:file:./data/sg user=YXBEAR] will be managed by Spring
2025-05-19 17:37:07 DEBUG org.mybatis.spring.SqlSessionUtils - [Logger.java:49] Releasing transactional SqlSession [org.apache.ibatis.session.defaults.DefaultSqlSession@75c231aa]
2025-05-19 17:37:07 DEBUG org.mybatis.spring.SqlSessionUtils - [Logger.java:49] Transaction synchronization committing SqlSession [org.apache.ibatis.session.defaults.DefaultSqlSession@75c231aa]
2025-05-19 17:37:07 DEBUG org.mybatis.spring.SqlSessionUtils - [Logger.java:49] Transaction synchronization deregistering SqlSession [org.apache.ibatis.session.defaults.DefaultSqlSession@75c231aa]
2025-05-19 17:37:07 DEBUG org.mybatis.spring.SqlSessionUtils - [Logger.java:49] Transaction synchronization closing SqlSession [org.apache.ibatis.session.defaults.DefaultSqlSession@75c231aa]
2025-05-19 17:37:08 DEBUG org.mybatis.spring.SqlSessionUtils - [Logger.java:49] Creating a new SqlSession
2025-05-19 17:37:08 DEBUG org.mybatis.spring.SqlSessionUtils - [Logger.java:49] Registering transaction synchronization for SqlSession [org.apache.ibatis.session.defaults.DefaultSqlSession@5ddad194]
2025-05-19 17:37:08 DEBUG o.m.s.t.SpringManagedTransaction - [Logger.java:49] JDBC Connection [HikariProxyConnection@1007838765 wrapping conn0: url=jdbc:h2:file:./data/sg user=YXBEAR] will be managed by Spring
2025-05-19 17:37:08 DEBUG org.mybatis.spring.SqlSessionUtils - [Logger.java:49] Releasing transactional SqlSession [org.apache.ibatis.session.defaults.DefaultSqlSession@5ddad194]
2025-05-19 17:37:08 DEBUG org.mybatis.spring.SqlSessionUtils - [Logger.java:49] Transaction synchronization committing SqlSession [org.apache.ibatis.session.defaults.DefaultSqlSession@5ddad194]
2025-05-19 17:37:08 DEBUG org.mybatis.spring.SqlSessionUtils - [Logger.java:49] Transaction synchronization deregistering SqlSession [org.apache.ibatis.session.defaults.DefaultSqlSession@5ddad194]
2025-05-19 17:37:08 DEBUG org.mybatis.spring.SqlSessionUtils - [Logger.java:49] Transaction synchronization closing SqlSession [org.apache.ibatis.session.defaults.DefaultSqlSession@5ddad194]
2025-05-19 17:37:09 DEBUG org.mybatis.spring.SqlSessionUtils - [Logger.java:49] Creating a new SqlSession
2025-05-19 17:37:09 DEBUG org.mybatis.spring.SqlSessionUtils - [Logger.java:49] Registering transaction synchronization for SqlSession [org.apache.ibatis.session.defaults.DefaultSqlSession@374f564a]
2025-05-19 17:37:09 DEBUG o.m.s.t.SpringManagedTransaction - [Logger.java:49] JDBC Connection [HikariProxyConnection@1833137732 wrapping conn0: url=jdbc:h2:file:./data/sg user=YXBEAR] will be managed by Spring
2025-05-19 17:37:09 DEBUG org.mybatis.spring.SqlSessionUtils - [Logger.java:49] Releasing transactional SqlSession [org.apache.ibatis.session.defaults.DefaultSqlSession@374f564a]
2025-05-19 17:37:09 DEBUG org.mybatis.spring.SqlSessionUtils - [Logger.java:49] Transaction synchronization committing SqlSession [org.apache.ibatis.session.defaults.DefaultSqlSession@374f564a]
2025-05-19 17:37:09 DEBUG org.mybatis.spring.SqlSessionUtils - [Logger.java:49] Transaction synchronization deregistering SqlSession [org.apache.ibatis.session.defaults.DefaultSqlSession@374f564a]
2025-05-19 17:37:09 DEBUG org.mybatis.spring.SqlSessionUtils - [Logger.java:49] Transaction synchronization closing SqlSession [org.apache.ibatis.session.defaults.DefaultSqlSession@374f564a]
2025-05-19 17:37:10 DEBUG org.mybatis.spring.SqlSessionUtils - [Logger.java:49] Creating a new SqlSession
2025-05-19 17:37:10 DEBUG org.mybatis.spring.SqlSessionUtils - [Logger.java:49] Registering transaction synchronization for SqlSession [org.apache.ibatis.session.defaults.DefaultSqlSession@207390a0]
2025-05-19 17:37:10 DEBUG o.m.s.t.SpringManagedTransaction - [Logger.java:49] JDBC Connection [HikariProxyConnection@2118573392 wrapping conn0: url=jdbc:h2:file:./data/sg user=YXBEAR] will be managed by Spring
2025-05-19 17:37:10 DEBUG org.mybatis.spring.SqlSessionUtils - [Logger.java:49] Releasing transactional SqlSession [org.apache.ibatis.session.defaults.DefaultSqlSession@207390a0]
2025-05-19 17:37:10 DEBUG org.mybatis.spring.SqlSessionUtils - [Logger.java:49] Transaction synchronization committing SqlSession [org.apache.ibatis.session.defaults.DefaultSqlSession@207390a0]
2025-05-19 17:37:10 DEBUG org.mybatis.spring.SqlSessionUtils - [Logger.java:49] Transaction synchronization deregistering SqlSession [org.apache.ibatis.session.defaults.DefaultSqlSession@207390a0]
2025-05-19 17:37:10 DEBUG org.mybatis.spring.SqlSessionUtils - [Logger.java:49] Transaction synchronization closing SqlSession [org.apache.ibatis.session.defaults.DefaultSqlSession@207390a0]
2025-05-19 17:37:11 DEBUG org.mybatis.spring.SqlSessionUtils - [Logger.java:49] Creating a new SqlSession
2025-05-19 17:37:11 DEBUG org.mybatis.spring.SqlSessionUtils - [Logger.java:49] Registering transaction synchronization for SqlSession [org.apache.ibatis.session.defaults.DefaultSqlSession@420ca4a8]
2025-05-19 17:37:11 DEBUG o.m.s.t.SpringManagedTransaction - [Logger.java:49] JDBC Connection [HikariProxyConnection@1104484524 wrapping conn0: url=jdbc:h2:file:./data/sg user=YXBEAR] will be managed by Spring
2025-05-19 17:37:11 DEBUG org.mybatis.spring.SqlSessionUtils - [Logger.java:49] Releasing transactional SqlSession [org.apache.ibatis.session.defaults.DefaultSqlSession@420ca4a8]
2025-05-19 17:37:11 DEBUG org.mybatis.spring.SqlSessionUtils - [Logger.java:49] Transaction synchronization committing SqlSession [org.apache.ibatis.session.defaults.DefaultSqlSession@420ca4a8]
2025-05-19 17:37:11 DEBUG org.mybatis.spring.SqlSessionUtils - [Logger.java:49] Transaction synchronization deregistering SqlSession [org.apache.ibatis.session.defaults.DefaultSqlSession@420ca4a8]
2025-05-19 17:37:11 DEBUG org.mybatis.spring.SqlSessionUtils - [Logger.java:49] Transaction synchronization closing SqlSession [org.apache.ibatis.session.defaults.DefaultSqlSession@420ca4a8]
2025-05-19 17:37:12 DEBUG org.mybatis.spring.SqlSessionUtils - [Logger.java:49] Creating a new SqlSession
2025-05-19 17:37:12 DEBUG org.mybatis.spring.SqlSessionUtils - [Logger.java:49] Registering transaction synchronization for SqlSession [org.apache.ibatis.session.defaults.DefaultSqlSession@66dbddda]
2025-05-19 17:37:12 DEBUG o.m.s.t.SpringManagedTransaction - [Logger.java:49] JDBC Connection [HikariProxyConnection@1232447934 wrapping conn0: url=jdbc:h2:file:./data/sg user=YXBEAR] will be managed by Spring
2025-05-19 17:37:12 DEBUG org.mybatis.spring.SqlSessionUtils - [Logger.java:49] Releasing transactional SqlSession [org.apache.ibatis.session.defaults.DefaultSqlSession@66dbddda]
2025-05-19 17:37:12 DEBUG org.mybatis.spring.SqlSessionUtils - [Logger.java:49] Transaction synchronization committing SqlSession [org.apache.ibatis.session.defaults.DefaultSqlSession@66dbddda]
2025-05-19 17:37:12 DEBUG org.mybatis.spring.SqlSessionUtils - [Logger.java:49] Transaction synchronization deregistering SqlSession [org.apache.ibatis.session.defaults.DefaultSqlSession@66dbddda]
2025-05-19 17:37:12 DEBUG org.mybatis.spring.SqlSessionUtils - [Logger.java:49] Transaction synchronization closing SqlSession [org.apache.ibatis.session.defaults.DefaultSqlSession@66dbddda]
2025-05-19 17:37:13 DEBUG org.mybatis.spring.SqlSessionUtils - [Logger.java:49] Creating a new SqlSession
2025-05-19 17:37:13 DEBUG org.mybatis.spring.SqlSessionUtils - [Logger.java:49] Registering transaction synchronization for SqlSession [org.apache.ibatis.session.defaults.DefaultSqlSession@71f89847]
2025-05-19 17:37:13 DEBUG o.m.s.t.SpringManagedTransaction - [Logger.java:49] JDBC Connection [HikariProxyConnection@180413738 wrapping conn0: url=jdbc:h2:file:./data/sg user=YXBEAR] will be managed by Spring
2025-05-19 17:37:13 DEBUG org.mybatis.spring.SqlSessionUtils - [Logger.java:49] Releasing transactional SqlSession [org.apache.ibatis.session.defaults.DefaultSqlSession@71f89847]
2025-05-19 17:37:13 DEBUG org.mybatis.spring.SqlSessionUtils - [Logger.java:49] Transaction synchronization committing SqlSession [org.apache.ibatis.session.defaults.DefaultSqlSession@71f89847]
2025-05-19 17:37:13 DEBUG org.mybatis.spring.SqlSessionUtils - [Logger.java:49] Transaction synchronization deregistering SqlSession [org.apache.ibatis.session.defaults.DefaultSqlSession@71f89847]
2025-05-19 17:37:13 DEBUG org.mybatis.spring.SqlSessionUtils - [Logger.java:49] Transaction synchronization closing SqlSession [org.apache.ibatis.session.defaults.DefaultSqlSession@71f89847]
2025-05-19 17:37:14 DEBUG org.mybatis.spring.SqlSessionUtils - [Logger.java:49] Creating a new SqlSession
2025-05-19 17:37:14 DEBUG org.mybatis.spring.SqlSessionUtils - [Logger.java:49] Registering transaction synchronization for SqlSession [org.apache.ibatis.session.defaults.DefaultSqlSession@3fcf6e95]
2025-05-19 17:37:14 DEBUG o.m.s.t.SpringManagedTransaction - [Logger.java:49] JDBC Connection [HikariProxyConnection@2105432502 wrapping conn0: url=jdbc:h2:file:./data/sg user=YXBEAR] will be managed by Spring
2025-05-19 17:37:14 DEBUG org.mybatis.spring.SqlSessionUtils - [Logger.java:49] Releasing transactional SqlSession [org.apache.ibatis.session.defaults.DefaultSqlSession@3fcf6e95]
2025-05-19 17:37:14 DEBUG org.mybatis.spring.SqlSessionUtils - [Logger.java:49] Transaction synchronization committing SqlSession [org.apache.ibatis.session.defaults.DefaultSqlSession@3fcf6e95]
2025-05-19 17:37:14 DEBUG org.mybatis.spring.SqlSessionUtils - [Logger.java:49] Transaction synchronization deregistering SqlSession [org.apache.ibatis.session.defaults.DefaultSqlSession@3fcf6e95]
2025-05-19 17:37:14 DEBUG org.mybatis.spring.SqlSessionUtils - [Logger.java:49] Transaction synchronization closing SqlSession [org.apache.ibatis.session.defaults.DefaultSqlSession@3fcf6e95]
2025-05-19 17:37:15 DEBUG org.mybatis.spring.SqlSessionUtils - [Logger.java:49] Creating a new SqlSession
2025-05-19 17:37:15 DEBUG org.mybatis.spring.SqlSessionUtils - [Logger.java:49] Registering transaction synchronization for SqlSession [org.apache.ibatis.session.defaults.DefaultSqlSession@39013b4a]
2025-05-19 17:37:15 DEBUG o.m.s.t.SpringManagedTransaction - [Logger.java:49] JDBC Connection [HikariProxyConnection@1233777484 wrapping conn0: url=jdbc:h2:file:./data/sg user=YXBEAR] will be managed by Spring
2025-05-19 17:37:15 DEBUG org.mybatis.spring.SqlSessionUtils - [Logger.java:49] Releasing transactional SqlSession [org.apache.ibatis.session.defaults.DefaultSqlSession@39013b4a]
2025-05-19 17:37:15 DEBUG org.mybatis.spring.SqlSessionUtils - [Logger.java:49] Transaction synchronization committing SqlSession [org.apache.ibatis.session.defaults.DefaultSqlSession@39013b4a]
2025-05-19 17:37:15 DEBUG org.mybatis.spring.SqlSessionUtils - [Logger.java:49] Transaction synchronization deregistering SqlSession [org.apache.ibatis.session.defaults.DefaultSqlSession@39013b4a]
2025-05-19 17:37:15 DEBUG org.mybatis.spring.SqlSessionUtils - [Logger.java:49] Transaction synchronization closing SqlSession [org.apache.ibatis.session.defaults.DefaultSqlSession@39013b4a]
2025-05-19 17:37:16 DEBUG org.mybatis.spring.SqlSessionUtils - [Logger.java:49] Creating a new SqlSession
2025-05-19 17:37:16 DEBUG org.mybatis.spring.SqlSessionUtils - [Logger.java:49] Registering transaction synchronization for SqlSession [org.apache.ibatis.session.defaults.DefaultSqlSession@79624a5c]
2025-05-19 17:37:16 DEBUG o.m.s.t.SpringManagedTransaction - [Logger.java:49] JDBC Connection [HikariProxyConnection@1191789090 wrapping conn0: url=jdbc:h2:file:./data/sg user=YXBEAR] will be managed by Spring
2025-05-19 17:37:16 DEBUG org.mybatis.spring.SqlSessionUtils - [Logger.java:49] Releasing transactional SqlSession [org.apache.ibatis.session.defaults.DefaultSqlSession@79624a5c]
2025-05-19 17:37:16 DEBUG org.mybatis.spring.SqlSessionUtils - [Logger.java:49] Transaction synchronization committing SqlSession [org.apache.ibatis.session.defaults.DefaultSqlSession@79624a5c]
2025-05-19 17:37:16 DEBUG org.mybatis.spring.SqlSessionUtils - [Logger.java:49] Transaction synchronization deregistering SqlSession [org.apache.ibatis.session.defaults.DefaultSqlSession@79624a5c]
2025-05-19 17:37:16 DEBUG org.mybatis.spring.SqlSessionUtils - [Logger.java:49] Transaction synchronization closing SqlSession [org.apache.ibatis.session.defaults.DefaultSqlSession@79624a5c]
2025-05-19 17:37:21 INFO  com.yxbear.sg.SgAppMain - [StartupInfoLogger.java:53] Starting SgAppMain v1.0.0 using Java 21.0.3 with PID 20748 (D:\projects\yxbear.top\yxsg\sg\target\classes started by Administrator in D:\projects\yxbear.top\yxsg\sg)
2025-05-19 17:37:21 INFO  com.yxbear.sg.SgAppMain - [SpringApplication.java:652] No active profile set, falling back to 1 default profile: "default"
2025-05-19 17:37:22 DEBUG o.m.s.b.a.MybatisAutoConfiguration - [MybatisAutoConfiguration.java:247] Searching for mappers annotated with @Mapper
2025-05-19 17:37:22 DEBUG o.m.s.b.a.MybatisAutoConfiguration - [MybatisAutoConfiguration.java:251] Using auto-configuration base package 'com.yxbear.sg'
2025-05-19 17:37:22 DEBUG o.m.s.mapper.ClassPathMapperScanner - [ClassPathScanningCandidateComponentProvider.java:476] Identified candidate component class: file [D:\projects\yxbear.top\yxsg\sg\target\classes\com\yxbear\sg\domain\mapper\cfg\CfgBuildingConditionMapper.class]
2025-05-19 17:37:22 DEBUG o.m.s.mapper.ClassPathMapperScanner - [ClassPathScanningCandidateComponentProvider.java:476] Identified candidate component class: file [D:\projects\yxbear.top\yxsg\sg\target\classes\com\yxbear\sg\domain\mapper\cfg\CfgBuildingLevelMapper.class]
2025-05-19 17:37:22 DEBUG o.m.s.mapper.ClassPathMapperScanner - [ClassPathScanningCandidateComponentProvider.java:476] Identified candidate component class: file [D:\projects\yxbear.top\yxsg\sg\target\classes\com\yxbear\sg\domain\mapper\cfg\CfgBuildingMapper.class]
2025-05-19 17:37:22 DEBUG o.m.s.mapper.ClassPathMapperScanner - [ClassPathScanningCandidateComponentProvider.java:476] Identified candidate component class: file [D:\projects\yxbear.top\yxsg\sg\target\classes\com\yxbear\sg\domain\mapper\cfg\CfgGoodsMapper.class]
2025-05-19 17:37:22 DEBUG o.m.s.mapper.ClassPathMapperScanner - [ClassPathScanningCandidateComponentProvider.java:476] Identified candidate component class: file [D:\projects\yxbear.top\yxsg\sg\target\classes\com\yxbear\sg\domain\mapper\gi\ext\GiCityExtMapper.class]
2025-05-19 17:37:22 DEBUG o.m.s.mapper.ClassPathMapperScanner - [ClassPathScanningCandidateComponentProvider.java:476] Identified candidate component class: file [D:\projects\yxbear.top\yxsg\sg\target\classes\com\yxbear\sg\domain\mapper\gi\ext\GiCityResourceExtMapper.class]
2025-05-19 17:37:22 DEBUG o.m.s.mapper.ClassPathMapperScanner - [ClassPathScanningCandidateComponentProvider.java:476] Identified candidate component class: file [D:\projects\yxbear.top\yxsg\sg\target\classes\com\yxbear\sg\domain\mapper\gi\GiCityBuildMapper.class]
2025-05-19 17:37:22 DEBUG o.m.s.mapper.ClassPathMapperScanner - [ClassPathScanningCandidateComponentProvider.java:476] Identified candidate component class: file [D:\projects\yxbear.top\yxsg\sg\target\classes\com\yxbear\sg\domain\mapper\gi\GiCityDefenceMapper.class]
2025-05-19 17:37:22 DEBUG o.m.s.mapper.ClassPathMapperScanner - [ClassPathScanningCandidateComponentProvider.java:476] Identified candidate component class: file [D:\projects\yxbear.top\yxsg\sg\target\classes\com\yxbear\sg\domain\mapper\gi\GiCityHeroMapper.class]
2025-05-19 17:37:22 DEBUG o.m.s.mapper.ClassPathMapperScanner - [ClassPathScanningCandidateComponentProvider.java:476] Identified candidate component class: file [D:\projects\yxbear.top\yxsg\sg\target\classes\com\yxbear\sg\domain\mapper\gi\GiCityMapper.class]
2025-05-19 17:37:22 DEBUG o.m.s.mapper.ClassPathMapperScanner - [ClassPathScanningCandidateComponentProvider.java:476] Identified candidate component class: file [D:\projects\yxbear.top\yxsg\sg\target\classes\com\yxbear\sg\domain\mapper\gi\GiCityResourceAddMapper.class]
2025-05-19 17:37:22 DEBUG o.m.s.mapper.ClassPathMapperScanner - [ClassPathScanningCandidateComponentProvider.java:476] Identified candidate component class: file [D:\projects\yxbear.top\yxsg\sg\target\classes\com\yxbear\sg\domain\mapper\gi\GiCityResourceMapper.class]
2025-05-19 17:37:22 DEBUG o.m.s.mapper.ClassPathMapperScanner - [ClassPathScanningCandidateComponentProvider.java:476] Identified candidate component class: file [D:\projects\yxbear.top\yxsg\sg\target\classes\com\yxbear\sg\domain\mapper\gi\GiCitySoldierMapper.class]
2025-05-19 17:37:22 DEBUG o.m.s.mapper.ClassPathMapperScanner - [ClassPathScanningCandidateComponentProvider.java:476] Identified candidate component class: file [D:\projects\yxbear.top\yxsg\sg\target\classes\com\yxbear\sg\domain\mapper\gi\GiGoodsMapper.class]
2025-05-19 17:37:22 DEBUG o.m.s.mapper.ClassPathMapperScanner - [ClassPathScanningCandidateComponentProvider.java:476] Identified candidate component class: file [D:\projects\yxbear.top\yxsg\sg\target\classes\com\yxbear\sg\domain\mapper\gi\GiPlayerMapper.class]
2025-05-19 17:37:22 DEBUG o.m.s.mapper.ClassPathMapperScanner - [ClassPathScanningCandidateComponentProvider.java:476] Identified candidate component class: file [D:\projects\yxbear.top\yxsg\sg\target\classes\com\yxbear\sg\domain\mapper\gi\GiUnionMapper.class]
2025-05-19 17:37:22 DEBUG o.m.s.mapper.ClassPathMapperScanner - [ClassPathScanningCandidateComponentProvider.java:476] Identified candidate component class: file [D:\projects\yxbear.top\yxsg\sg\target\classes\com\yxbear\sg\domain\mapper\mem\MemCityBuildUpgradingMapper.class]
2025-05-19 17:37:22 DEBUG o.m.s.mapper.ClassPathMapperScanner - [ClassPathScanningCandidateComponentProvider.java:476] Identified candidate component class: file [D:\projects\yxbear.top\yxsg\sg\target\classes\com\yxbear\sg\domain\mapper\mem\MemTechnicUpgradingMapper.class]
2025-05-19 17:37:22 DEBUG o.m.s.mapper.ClassPathMapperScanner - [ClassPathScanningCandidateComponentProvider.java:476] Identified candidate component class: file [D:\projects\yxbear.top\yxsg\sg\target\classes\com\yxbear\sg\domain\mapper\mem\MemWorldTileExtMapper.class]
2025-05-19 17:37:22 DEBUG o.m.s.mapper.ClassPathMapperScanner - [ClassPathScanningCandidateComponentProvider.java:476] Identified candidate component class: file [D:\projects\yxbear.top\yxsg\sg\target\classes\com\yxbear\sg\domain\mapper\mem\MemWorldTileMapper.class]
2025-05-19 17:37:22 DEBUG o.m.s.mapper.ClassPathMapperScanner - [ClassPathScanningCandidateComponentProvider.java:476] Identified candidate component class: file [D:\projects\yxbear.top\yxsg\sg\target\classes\com\yxbear\sg\domain\mapper\sys\SysUserLogMapper.class]
2025-05-19 17:37:22 DEBUG o.m.s.mapper.ClassPathMapperScanner - [ClassPathScanningCandidateComponentProvider.java:476] Identified candidate component class: file [D:\projects\yxbear.top\yxsg\sg\target\classes\com\yxbear\sg\domain\mapper\sys\SysUserMapper.class]
2025-05-19 17:37:22 DEBUG o.m.s.mapper.ClassPathMapperScanner - [Logger.java:49] Creating MapperFactoryBean with name 'cfgBuildingConditionMapper' and 'com.yxbear.sg.domain.mapper.cfg.CfgBuildingConditionMapper' mapperInterface
2025-05-19 17:37:22 DEBUG o.m.s.mapper.ClassPathMapperScanner - [Logger.java:49] Creating MapperFactoryBean with name 'cfgBuildingLevelMapper' and 'com.yxbear.sg.domain.mapper.cfg.CfgBuildingLevelMapper' mapperInterface
2025-05-19 17:37:22 DEBUG o.m.s.mapper.ClassPathMapperScanner - [Logger.java:49] Creating MapperFactoryBean with name 'cfgBuildingMapper' and 'com.yxbear.sg.domain.mapper.cfg.CfgBuildingMapper' mapperInterface
2025-05-19 17:37:22 DEBUG o.m.s.mapper.ClassPathMapperScanner - [Logger.java:49] Creating MapperFactoryBean with name 'cfgGoodsMapper' and 'com.yxbear.sg.domain.mapper.cfg.CfgGoodsMapper' mapperInterface
2025-05-19 17:37:22 DEBUG o.m.s.mapper.ClassPathMapperScanner - [Logger.java:49] Creating MapperFactoryBean with name 'giCityExtMapper' and 'com.yxbear.sg.domain.mapper.gi.ext.GiCityExtMapper' mapperInterface
2025-05-19 17:37:22 DEBUG o.m.s.mapper.ClassPathMapperScanner - [Logger.java:49] Creating MapperFactoryBean with name 'giCityResourceExtMapper' and 'com.yxbear.sg.domain.mapper.gi.ext.GiCityResourceExtMapper' mapperInterface
2025-05-19 17:37:22 DEBUG o.m.s.mapper.ClassPathMapperScanner - [Logger.java:49] Creating MapperFactoryBean with name 'giCityBuildMapper' and 'com.yxbear.sg.domain.mapper.gi.GiCityBuildMapper' mapperInterface
2025-05-19 17:37:22 DEBUG o.m.s.mapper.ClassPathMapperScanner - [Logger.java:49] Creating MapperFactoryBean with name 'giCityDefenceMapper' and 'com.yxbear.sg.domain.mapper.gi.GiCityDefenceMapper' mapperInterface
2025-05-19 17:37:22 DEBUG o.m.s.mapper.ClassPathMapperScanner - [Logger.java:49] Creating MapperFactoryBean with name 'giCityHeroMapper' and 'com.yxbear.sg.domain.mapper.gi.GiCityHeroMapper' mapperInterface
2025-05-19 17:37:22 DEBUG o.m.s.mapper.ClassPathMapperScanner - [Logger.java:49] Creating MapperFactoryBean with name 'giCityMapper' and 'com.yxbear.sg.domain.mapper.gi.GiCityMapper' mapperInterface
2025-05-19 17:37:22 DEBUG o.m.s.mapper.ClassPathMapperScanner - [Logger.java:49] Creating MapperFactoryBean with name 'giCityResourceAddMapper' and 'com.yxbear.sg.domain.mapper.gi.GiCityResourceAddMapper' mapperInterface
2025-05-19 17:37:22 DEBUG o.m.s.mapper.ClassPathMapperScanner - [Logger.java:49] Creating MapperFactoryBean with name 'giCityResourceMapper' and 'com.yxbear.sg.domain.mapper.gi.GiCityResourceMapper' mapperInterface
2025-05-19 17:37:22 DEBUG o.m.s.mapper.ClassPathMapperScanner - [Logger.java:49] Creating MapperFactoryBean with name 'giCitySoldierMapper' and 'com.yxbear.sg.domain.mapper.gi.GiCitySoldierMapper' mapperInterface
2025-05-19 17:37:22 DEBUG o.m.s.mapper.ClassPathMapperScanner - [Logger.java:49] Creating MapperFactoryBean with name 'giGoodsMapper' and 'com.yxbear.sg.domain.mapper.gi.GiGoodsMapper' mapperInterface
2025-05-19 17:37:22 DEBUG o.m.s.mapper.ClassPathMapperScanner - [Logger.java:49] Creating MapperFactoryBean with name 'giPlayerMapper' and 'com.yxbear.sg.domain.mapper.gi.GiPlayerMapper' mapperInterface
2025-05-19 17:37:22 DEBUG o.m.s.mapper.ClassPathMapperScanner - [Logger.java:49] Creating MapperFactoryBean with name 'giUnionMapper' and 'com.yxbear.sg.domain.mapper.gi.GiUnionMapper' mapperInterface
2025-05-19 17:37:22 DEBUG o.m.s.mapper.ClassPathMapperScanner - [Logger.java:49] Creating MapperFactoryBean with name 'memCityBuildUpgradingMapper' and 'com.yxbear.sg.domain.mapper.mem.MemCityBuildUpgradingMapper' mapperInterface
2025-05-19 17:37:22 DEBUG o.m.s.mapper.ClassPathMapperScanner - [Logger.java:49] Creating MapperFactoryBean with name 'memTechnicUpgradingMapper' and 'com.yxbear.sg.domain.mapper.mem.MemTechnicUpgradingMapper' mapperInterface
2025-05-19 17:37:22 DEBUG o.m.s.mapper.ClassPathMapperScanner - [Logger.java:49] Creating MapperFactoryBean with name 'memWorldTileExtMapper' and 'com.yxbear.sg.domain.mapper.mem.MemWorldTileExtMapper' mapperInterface
2025-05-19 17:37:22 DEBUG o.m.s.mapper.ClassPathMapperScanner - [Logger.java:49] Creating MapperFactoryBean with name 'memWorldTileMapper' and 'com.yxbear.sg.domain.mapper.mem.MemWorldTileMapper' mapperInterface
2025-05-19 17:37:22 DEBUG o.m.s.mapper.ClassPathMapperScanner - [Logger.java:49] Creating MapperFactoryBean with name 'sysUserLogMapper' and 'com.yxbear.sg.domain.mapper.sys.SysUserLogMapper' mapperInterface
2025-05-19 17:37:22 DEBUG o.m.s.mapper.ClassPathMapperScanner - [Logger.java:49] Creating MapperFactoryBean with name 'sysUserMapper' and 'com.yxbear.sg.domain.mapper.sys.SysUserMapper' mapperInterface
2025-05-19 17:37:23 INFO  o.s.b.w.s.c.ServletWebServerApplicationContext - [ServletWebServerApplicationContext.java:301] Root WebApplicationContext: initialization completed in 1930 ms
2025-05-19 17:37:27 DEBUG o.m.spring.SqlSessionFactoryBean - [Logger.java:49] Property 'mapperLocations' was not specified.
2025-05-19 17:37:27 DEBUG org.mybatis.spring.SqlSessionUtils - [Logger.java:49] Creating a new SqlSession
2025-05-19 17:37:27 DEBUG org.mybatis.spring.SqlSessionUtils - [Logger.java:49] SqlSession [org.apache.ibatis.session.defaults.DefaultSqlSession@639c7f9c] was not registered for synchronization because synchronization is not active
2025-05-19 17:37:28 DEBUG o.m.s.t.SpringManagedTransaction - [Logger.java:49] JDBC Connection [HikariProxyConnection@1982468278 wrapping conn0: url=jdbc:h2:file:./data/sg user=YXBEAR] will not be managed by Spring
2025-05-19 17:37:28 DEBUG org.mybatis.spring.SqlSessionUtils - [Logger.java:49] Closing non transactional SqlSession [org.apache.ibatis.session.defaults.DefaultSqlSession@639c7f9c]
2025-05-19 17:37:28 DEBUG org.mybatis.spring.SqlSessionUtils - [Logger.java:49] Creating a new SqlSession
2025-05-19 17:37:28 DEBUG org.mybatis.spring.SqlSessionUtils - [Logger.java:49] SqlSession [org.apache.ibatis.session.defaults.DefaultSqlSession@17134190] was not registered for synchronization because synchronization is not active
2025-05-19 17:37:28 DEBUG o.m.s.t.SpringManagedTransaction - [Logger.java:49] JDBC Connection [HikariProxyConnection@1436136891 wrapping conn0: url=jdbc:h2:file:./data/sg user=YXBEAR] will not be managed by Spring
2025-05-19 17:37:28 DEBUG org.mybatis.spring.SqlSessionUtils - [Logger.java:49] Closing non transactional SqlSession [org.apache.ibatis.session.defaults.DefaultSqlSession@17134190]
2025-05-19 17:37:28 DEBUG org.mybatis.spring.SqlSessionUtils - [Logger.java:49] Creating a new SqlSession
2025-05-19 17:37:28 DEBUG org.mybatis.spring.SqlSessionUtils - [Logger.java:49] SqlSession [org.apache.ibatis.session.defaults.DefaultSqlSession@4a660b34] was not registered for synchronization because synchronization is not active
2025-05-19 17:37:28 DEBUG o.m.s.t.SpringManagedTransaction - [Logger.java:49] JDBC Connection [HikariProxyConnection@770921565 wrapping conn0: url=jdbc:h2:file:./data/sg user=YXBEAR] will not be managed by Spring
2025-05-19 17:37:28 DEBUG org.mybatis.spring.SqlSessionUtils - [Logger.java:49] Closing non transactional SqlSession [org.apache.ibatis.session.defaults.DefaultSqlSession@4a660b34]
2025-05-19 17:37:28 INFO  c.yxbear.core.coder.CoderController - [CoderController.java:43] 代码生成器加载成功!========================>
2025-05-19 17:37:28 DEBUG o.m.s.b.a.MybatisAutoConfiguration - [MybatisAutoConfiguration.java:319] Not found configuration for registering mapper bean using @MapperScan, MapperFactoryBean and MapperScannerConfigurer.
2025-05-19 17:37:29 DEBUG org.mybatis.spring.SqlSessionUtils - [Logger.java:49] Creating a new SqlSession
2025-05-19 17:37:29 DEBUG org.mybatis.spring.SqlSessionUtils - [Logger.java:49] SqlSession [org.apache.ibatis.session.defaults.DefaultSqlSession@4eb1943b] was not registered for synchronization because synchronization is not active
2025-05-19 17:37:29 DEBUG o.m.s.t.SpringManagedTransaction - [Logger.java:49] JDBC Connection [HikariProxyConnection@1540606524 wrapping conn1: url=jdbc:h2:file:./data/sg user=YXBEAR] will not be managed by Spring
2025-05-19 17:37:29 DEBUG org.mybatis.spring.SqlSessionUtils - [Logger.java:49] Closing non transactional SqlSession [org.apache.ibatis.session.defaults.DefaultSqlSession@4eb1943b]
2025-05-19 17:37:29 INFO  com.yxbear.sg.SgAppMain - [StartupInfoLogger.java:59] Started SgAppMain in 9.389 seconds (process running for 9.992)
2025-05-19 17:37:30 DEBUG org.mybatis.spring.SqlSessionUtils - [Logger.java:49] Creating a new SqlSession
2025-05-19 17:37:30 DEBUG org.mybatis.spring.SqlSessionUtils - [Logger.java:49] Registering transaction synchronization for SqlSession [org.apache.ibatis.session.defaults.DefaultSqlSession@ab69132]
2025-05-19 17:37:30 DEBUG o.m.s.t.SpringManagedTransaction - [Logger.java:49] JDBC Connection [HikariProxyConnection@2132435579 wrapping conn0: url=jdbc:h2:file:./data/sg user=YXBEAR] will be managed by Spring
2025-05-19 17:37:30 DEBUG org.mybatis.spring.SqlSessionUtils - [Logger.java:49] Releasing transactional SqlSession [org.apache.ibatis.session.defaults.DefaultSqlSession@ab69132]
2025-05-19 17:37:30 DEBUG org.mybatis.spring.SqlSessionUtils - [Logger.java:49] Transaction synchronization committing SqlSession [org.apache.ibatis.session.defaults.DefaultSqlSession@ab69132]
2025-05-19 17:37:30 DEBUG org.mybatis.spring.SqlSessionUtils - [Logger.java:49] Transaction synchronization deregistering SqlSession [org.apache.ibatis.session.defaults.DefaultSqlSession@ab69132]
2025-05-19 17:37:30 DEBUG org.mybatis.spring.SqlSessionUtils - [Logger.java:49] Transaction synchronization closing SqlSession [org.apache.ibatis.session.defaults.DefaultSqlSession@ab69132]
2025-05-19 17:37:31 DEBUG org.mybatis.spring.SqlSessionUtils - [Logger.java:49] Creating a new SqlSession
2025-05-19 17:37:31 DEBUG org.mybatis.spring.SqlSessionUtils - [Logger.java:49] Registering transaction synchronization for SqlSession [org.apache.ibatis.session.defaults.DefaultSqlSession@470df73c]
2025-05-19 17:37:31 DEBUG o.m.s.t.SpringManagedTransaction - [Logger.java:49] JDBC Connection [HikariProxyConnection@150412182 wrapping conn0: url=jdbc:h2:file:./data/sg user=YXBEAR] will be managed by Spring
2025-05-19 17:37:31 DEBUG org.mybatis.spring.SqlSessionUtils - [Logger.java:49] Releasing transactional SqlSession [org.apache.ibatis.session.defaults.DefaultSqlSession@470df73c]
2025-05-19 17:37:31 DEBUG org.mybatis.spring.SqlSessionUtils - [Logger.java:49] Transaction synchronization committing SqlSession [org.apache.ibatis.session.defaults.DefaultSqlSession@470df73c]
2025-05-19 17:37:31 DEBUG org.mybatis.spring.SqlSessionUtils - [Logger.java:49] Transaction synchronization deregistering SqlSession [org.apache.ibatis.session.defaults.DefaultSqlSession@470df73c]
2025-05-19 17:37:31 DEBUG org.mybatis.spring.SqlSessionUtils - [Logger.java:49] Transaction synchronization closing SqlSession [org.apache.ibatis.session.defaults.DefaultSqlSession@470df73c]
2025-05-19 17:37:32 DEBUG org.mybatis.spring.SqlSessionUtils - [Logger.java:49] Creating a new SqlSession
2025-05-19 17:37:32 DEBUG org.mybatis.spring.SqlSessionUtils - [Logger.java:49] Registering transaction synchronization for SqlSession [org.apache.ibatis.session.defaults.DefaultSqlSession@755a72fb]
2025-05-19 17:37:32 DEBUG o.m.s.t.SpringManagedTransaction - [Logger.java:49] JDBC Connection [HikariProxyConnection@1154229916 wrapping conn0: url=jdbc:h2:file:./data/sg user=YXBEAR] will be managed by Spring
2025-05-19 17:37:32 DEBUG org.mybatis.spring.SqlSessionUtils - [Logger.java:49] Releasing transactional SqlSession [org.apache.ibatis.session.defaults.DefaultSqlSession@755a72fb]
2025-05-19 17:37:32 DEBUG org.mybatis.spring.SqlSessionUtils - [Logger.java:49] Transaction synchronization committing SqlSession [org.apache.ibatis.session.defaults.DefaultSqlSession@755a72fb]
2025-05-19 17:37:32 DEBUG org.mybatis.spring.SqlSessionUtils - [Logger.java:49] Transaction synchronization deregistering SqlSession [org.apache.ibatis.session.defaults.DefaultSqlSession@755a72fb]
2025-05-19 17:37:32 DEBUG org.mybatis.spring.SqlSessionUtils - [Logger.java:49] Transaction synchronization closing SqlSession [org.apache.ibatis.session.defaults.DefaultSqlSession@755a72fb]
2025-05-19 17:37:33 DEBUG org.mybatis.spring.SqlSessionUtils - [Logger.java:49] Creating a new SqlSession
2025-05-19 17:37:33 DEBUG org.mybatis.spring.SqlSessionUtils - [Logger.java:49] Registering transaction synchronization for SqlSession [org.apache.ibatis.session.defaults.DefaultSqlSession@7b98939d]
2025-05-19 17:37:33 DEBUG o.m.s.t.SpringManagedTransaction - [Logger.java:49] JDBC Connection [HikariProxyConnection@878868645 wrapping conn0: url=jdbc:h2:file:./data/sg user=YXBEAR] will be managed by Spring
2025-05-19 17:37:33 DEBUG org.mybatis.spring.SqlSessionUtils - [Logger.java:49] Releasing transactional SqlSession [org.apache.ibatis.session.defaults.DefaultSqlSession@7b98939d]
2025-05-19 17:37:33 DEBUG org.mybatis.spring.SqlSessionUtils - [Logger.java:49] Transaction synchronization committing SqlSession [org.apache.ibatis.session.defaults.DefaultSqlSession@7b98939d]
2025-05-19 17:37:33 DEBUG org.mybatis.spring.SqlSessionUtils - [Logger.java:49] Transaction synchronization deregistering SqlSession [org.apache.ibatis.session.defaults.DefaultSqlSession@7b98939d]
2025-05-19 17:37:33 DEBUG org.mybatis.spring.SqlSessionUtils - [Logger.java:49] Transaction synchronization closing SqlSession [org.apache.ibatis.session.defaults.DefaultSqlSession@7b98939d]
2025-05-19 17:37:34 DEBUG org.mybatis.spring.SqlSessionUtils - [Logger.java:49] Creating a new SqlSession
2025-05-19 17:37:34 DEBUG org.mybatis.spring.SqlSessionUtils - [Logger.java:49] Registering transaction synchronization for SqlSession [org.apache.ibatis.session.defaults.DefaultSqlSession@b5901cf]
2025-05-19 17:37:34 DEBUG o.m.s.t.SpringManagedTransaction - [Logger.java:49] JDBC Connection [HikariProxyConnection@1414367210 wrapping conn0: url=jdbc:h2:file:./data/sg user=YXBEAR] will be managed by Spring
2025-05-19 17:37:34 DEBUG org.mybatis.spring.SqlSessionUtils - [Logger.java:49] Releasing transactional SqlSession [org.apache.ibatis.session.defaults.DefaultSqlSession@b5901cf]
2025-05-19 17:37:34 DEBUG org.mybatis.spring.SqlSessionUtils - [Logger.java:49] Transaction synchronization committing SqlSession [org.apache.ibatis.session.defaults.DefaultSqlSession@b5901cf]
2025-05-19 17:37:34 DEBUG org.mybatis.spring.SqlSessionUtils - [Logger.java:49] Transaction synchronization deregistering SqlSession [org.apache.ibatis.session.defaults.DefaultSqlSession@b5901cf]
2025-05-19 17:37:34 DEBUG org.mybatis.spring.SqlSessionUtils - [Logger.java:49] Transaction synchronization closing SqlSession [org.apache.ibatis.session.defaults.DefaultSqlSession@b5901cf]
2025-05-19 17:37:35 DEBUG org.mybatis.spring.SqlSessionUtils - [Logger.java:49] Creating a new SqlSession
2025-05-19 17:37:35 DEBUG org.mybatis.spring.SqlSessionUtils - [Logger.java:49] Registering transaction synchronization for SqlSession [org.apache.ibatis.session.defaults.DefaultSqlSession@17d9b3d5]
2025-05-19 17:37:35 DEBUG o.m.s.t.SpringManagedTransaction - [Logger.java:49] JDBC Connection [HikariProxyConnection@1342390046 wrapping conn0: url=jdbc:h2:file:./data/sg user=YXBEAR] will be managed by Spring
2025-05-19 17:37:35 DEBUG org.mybatis.spring.SqlSessionUtils - [Logger.java:49] Releasing transactional SqlSession [org.apache.ibatis.session.defaults.DefaultSqlSession@17d9b3d5]
2025-05-19 17:37:35 DEBUG org.mybatis.spring.SqlSessionUtils - [Logger.java:49] Transaction synchronization committing SqlSession [org.apache.ibatis.session.defaults.DefaultSqlSession@17d9b3d5]
2025-05-19 17:37:35 DEBUG org.mybatis.spring.SqlSessionUtils - [Logger.java:49] Transaction synchronization deregistering SqlSession [org.apache.ibatis.session.defaults.DefaultSqlSession@17d9b3d5]
2025-05-19 17:37:35 DEBUG org.mybatis.spring.SqlSessionUtils - [Logger.java:49] Transaction synchronization closing SqlSession [org.apache.ibatis.session.defaults.DefaultSqlSession@17d9b3d5]
2025-05-19 17:37:36 DEBUG org.mybatis.spring.SqlSessionUtils - [Logger.java:49] Creating a new SqlSession
2025-05-19 17:37:36 DEBUG org.mybatis.spring.SqlSessionUtils - [Logger.java:49] Registering transaction synchronization for SqlSession [org.apache.ibatis.session.defaults.DefaultSqlSession@a9e69d0]
2025-05-19 17:37:36 DEBUG o.m.s.t.SpringManagedTransaction - [Logger.java:49] JDBC Connection [HikariProxyConnection@1825884475 wrapping conn0: url=jdbc:h2:file:./data/sg user=YXBEAR] will be managed by Spring
2025-05-19 17:37:36 DEBUG org.mybatis.spring.SqlSessionUtils - [Logger.java:49] Releasing transactional SqlSession [org.apache.ibatis.session.defaults.DefaultSqlSession@a9e69d0]
2025-05-19 17:37:36 DEBUG org.mybatis.spring.SqlSessionUtils - [Logger.java:49] Transaction synchronization committing SqlSession [org.apache.ibatis.session.defaults.DefaultSqlSession@a9e69d0]
2025-05-19 17:37:36 DEBUG org.mybatis.spring.SqlSessionUtils - [Logger.java:49] Transaction synchronization deregistering SqlSession [org.apache.ibatis.session.defaults.DefaultSqlSession@a9e69d0]
2025-05-19 17:37:36 DEBUG org.mybatis.spring.SqlSessionUtils - [Logger.java:49] Transaction synchronization closing SqlSession [org.apache.ibatis.session.defaults.DefaultSqlSession@a9e69d0]
2025-05-19 17:37:37 DEBUG org.mybatis.spring.SqlSessionUtils - [Logger.java:49] Creating a new SqlSession
2025-05-19 17:37:37 DEBUG org.mybatis.spring.SqlSessionUtils - [Logger.java:49] Registering transaction synchronization for SqlSession [org.apache.ibatis.session.defaults.DefaultSqlSession@157dfd98]
2025-05-19 17:37:37 DEBUG o.m.s.t.SpringManagedTransaction - [Logger.java:49] JDBC Connection [HikariProxyConnection@1589997806 wrapping conn0: url=jdbc:h2:file:./data/sg user=YXBEAR] will be managed by Spring
2025-05-19 17:37:37 DEBUG org.mybatis.spring.SqlSessionUtils - [Logger.java:49] Releasing transactional SqlSession [org.apache.ibatis.session.defaults.DefaultSqlSession@157dfd98]
2025-05-19 17:37:37 DEBUG org.mybatis.spring.SqlSessionUtils - [Logger.java:49] Transaction synchronization committing SqlSession [org.apache.ibatis.session.defaults.DefaultSqlSession@157dfd98]
2025-05-19 17:37:37 DEBUG org.mybatis.spring.SqlSessionUtils - [Logger.java:49] Transaction synchronization deregistering SqlSession [org.apache.ibatis.session.defaults.DefaultSqlSession@157dfd98]
2025-05-19 17:37:37 DEBUG org.mybatis.spring.SqlSessionUtils - [Logger.java:49] Transaction synchronization closing SqlSession [org.apache.ibatis.session.defaults.DefaultSqlSession@157dfd98]
2025-05-19 17:37:38 DEBUG org.mybatis.spring.SqlSessionUtils - [Logger.java:49] Creating a new SqlSession
2025-05-19 17:37:38 DEBUG org.mybatis.spring.SqlSessionUtils - [Logger.java:49] Registering transaction synchronization for SqlSession [org.apache.ibatis.session.defaults.DefaultSqlSession@24aec793]
2025-05-19 17:37:38 DEBUG o.m.s.t.SpringManagedTransaction - [Logger.java:49] JDBC Connection [HikariProxyConnection@812396779 wrapping conn0: url=jdbc:h2:file:./data/sg user=YXBEAR] will be managed by Spring
2025-05-19 17:37:38 DEBUG org.mybatis.spring.SqlSessionUtils - [Logger.java:49] Releasing transactional SqlSession [org.apache.ibatis.session.defaults.DefaultSqlSession@24aec793]
2025-05-19 17:37:38 DEBUG org.mybatis.spring.SqlSessionUtils - [Logger.java:49] Transaction synchronization committing SqlSession [org.apache.ibatis.session.defaults.DefaultSqlSession@24aec793]
2025-05-19 17:37:38 DEBUG org.mybatis.spring.SqlSessionUtils - [Logger.java:49] Transaction synchronization deregistering SqlSession [org.apache.ibatis.session.defaults.DefaultSqlSession@24aec793]
2025-05-19 17:37:38 DEBUG org.mybatis.spring.SqlSessionUtils - [Logger.java:49] Transaction synchronization closing SqlSession [org.apache.ibatis.session.defaults.DefaultSqlSession@24aec793]
2025-05-19 17:37:39 DEBUG org.mybatis.spring.SqlSessionUtils - [Logger.java:49] Creating a new SqlSession
2025-05-19 17:37:39 DEBUG org.mybatis.spring.SqlSessionUtils - [Logger.java:49] Registering transaction synchronization for SqlSession [org.apache.ibatis.session.defaults.DefaultSqlSession@62acfb2a]
2025-05-19 17:37:39 DEBUG o.m.s.t.SpringManagedTransaction - [Logger.java:49] JDBC Connection [HikariProxyConnection@693730351 wrapping conn0: url=jdbc:h2:file:./data/sg user=YXBEAR] will be managed by Spring
2025-05-19 17:37:39 DEBUG org.mybatis.spring.SqlSessionUtils - [Logger.java:49] Releasing transactional SqlSession [org.apache.ibatis.session.defaults.DefaultSqlSession@62acfb2a]
2025-05-19 17:37:39 DEBUG org.mybatis.spring.SqlSessionUtils - [Logger.java:49] Transaction synchronization committing SqlSession [org.apache.ibatis.session.defaults.DefaultSqlSession@62acfb2a]
2025-05-19 17:37:39 DEBUG org.mybatis.spring.SqlSessionUtils - [Logger.java:49] Transaction synchronization deregistering SqlSession [org.apache.ibatis.session.defaults.DefaultSqlSession@62acfb2a]
2025-05-19 17:37:39 DEBUG org.mybatis.spring.SqlSessionUtils - [Logger.java:49] Transaction synchronization closing SqlSession [org.apache.ibatis.session.defaults.DefaultSqlSession@62acfb2a]
2025-05-19 17:37:40 DEBUG org.mybatis.spring.SqlSessionUtils - [Logger.java:49] Creating a new SqlSession
2025-05-19 17:37:40 DEBUG org.mybatis.spring.SqlSessionUtils - [Logger.java:49] Registering transaction synchronization for SqlSession [org.apache.ibatis.session.defaults.DefaultSqlSession@2c29b785]
2025-05-19 17:37:40 DEBUG o.m.s.t.SpringManagedTransaction - [Logger.java:49] JDBC Connection [HikariProxyConnection@1354403193 wrapping conn0: url=jdbc:h2:file:./data/sg user=YXBEAR] will be managed by Spring
2025-05-19 17:37:40 DEBUG org.mybatis.spring.SqlSessionUtils - [Logger.java:49] Releasing transactional SqlSession [org.apache.ibatis.session.defaults.DefaultSqlSession@2c29b785]
2025-05-19 17:37:40 DEBUG org.mybatis.spring.SqlSessionUtils - [Logger.java:49] Transaction synchronization committing SqlSession [org.apache.ibatis.session.defaults.DefaultSqlSession@2c29b785]
2025-05-19 17:37:40 DEBUG org.mybatis.spring.SqlSessionUtils - [Logger.java:49] Transaction synchronization deregistering SqlSession [org.apache.ibatis.session.defaults.DefaultSqlSession@2c29b785]
2025-05-19 17:37:40 DEBUG org.mybatis.spring.SqlSessionUtils - [Logger.java:49] Transaction synchronization closing SqlSession [org.apache.ibatis.session.defaults.DefaultSqlSession@2c29b785]
2025-05-19 17:37:41 DEBUG org.mybatis.spring.SqlSessionUtils - [Logger.java:49] Creating a new SqlSession
2025-05-19 17:37:41 DEBUG org.mybatis.spring.SqlSessionUtils - [Logger.java:49] Registering transaction synchronization for SqlSession [org.apache.ibatis.session.defaults.DefaultSqlSession@40024192]
2025-05-19 17:37:41 DEBUG o.m.s.t.SpringManagedTransaction - [Logger.java:49] JDBC Connection [HikariProxyConnection@267959769 wrapping conn0: url=jdbc:h2:file:./data/sg user=YXBEAR] will be managed by Spring
2025-05-19 17:37:41 DEBUG org.mybatis.spring.SqlSessionUtils - [Logger.java:49] Releasing transactional SqlSession [org.apache.ibatis.session.defaults.DefaultSqlSession@40024192]
2025-05-19 17:37:41 DEBUG org.mybatis.spring.SqlSessionUtils - [Logger.java:49] Transaction synchronization committing SqlSession [org.apache.ibatis.session.defaults.DefaultSqlSession@40024192]
2025-05-19 17:37:41 DEBUG org.mybatis.spring.SqlSessionUtils - [Logger.java:49] Transaction synchronization deregistering SqlSession [org.apache.ibatis.session.defaults.DefaultSqlSession@40024192]
2025-05-19 17:37:41 DEBUG org.mybatis.spring.SqlSessionUtils - [Logger.java:49] Transaction synchronization closing SqlSession [org.apache.ibatis.session.defaults.DefaultSqlSession@40024192]
2025-05-19 17:38:34 INFO  com.yxbear.sg.SgAppMain - [StartupInfoLogger.java:53] Starting SgAppMain v1.0.0 using Java 21.0.3 with PID 18284 (D:\projects\yxbear.top\yxsg\sg\target\classes started by Administrator in D:\projects\yxbear.top\yxsg\sg)
2025-05-19 17:38:34 INFO  com.yxbear.sg.SgAppMain - [SpringApplication.java:652] No active profile set, falling back to 1 default profile: "default"
2025-05-19 17:38:35 DEBUG o.m.s.b.a.MybatisAutoConfiguration - [MybatisAutoConfiguration.java:247] Searching for mappers annotated with @Mapper
2025-05-19 17:38:35 DEBUG o.m.s.b.a.MybatisAutoConfiguration - [MybatisAutoConfiguration.java:251] Using auto-configuration base package 'com.yxbear.sg'
2025-05-19 17:38:36 DEBUG o.m.s.mapper.ClassPathMapperScanner - [ClassPathScanningCandidateComponentProvider.java:476] Identified candidate component class: file [D:\projects\yxbear.top\yxsg\sg\target\classes\com\yxbear\sg\domain\mapper\cfg\CfgBuildingConditionMapper.class]
2025-05-19 17:38:36 DEBUG o.m.s.mapper.ClassPathMapperScanner - [ClassPathScanningCandidateComponentProvider.java:476] Identified candidate component class: file [D:\projects\yxbear.top\yxsg\sg\target\classes\com\yxbear\sg\domain\mapper\cfg\CfgBuildingLevelMapper.class]
2025-05-19 17:38:36 DEBUG o.m.s.mapper.ClassPathMapperScanner - [ClassPathScanningCandidateComponentProvider.java:476] Identified candidate component class: file [D:\projects\yxbear.top\yxsg\sg\target\classes\com\yxbear\sg\domain\mapper\cfg\CfgBuildingMapper.class]
2025-05-19 17:38:36 DEBUG o.m.s.mapper.ClassPathMapperScanner - [ClassPathScanningCandidateComponentProvider.java:476] Identified candidate component class: file [D:\projects\yxbear.top\yxsg\sg\target\classes\com\yxbear\sg\domain\mapper\cfg\CfgGoodsMapper.class]
2025-05-19 17:38:36 DEBUG o.m.s.mapper.ClassPathMapperScanner - [ClassPathScanningCandidateComponentProvider.java:476] Identified candidate component class: file [D:\projects\yxbear.top\yxsg\sg\target\classes\com\yxbear\sg\domain\mapper\gi\ext\GiCityExtMapper.class]
2025-05-19 17:38:36 DEBUG o.m.s.mapper.ClassPathMapperScanner - [ClassPathScanningCandidateComponentProvider.java:476] Identified candidate component class: file [D:\projects\yxbear.top\yxsg\sg\target\classes\com\yxbear\sg\domain\mapper\gi\ext\GiCityResourceExtMapper.class]
2025-05-19 17:38:36 DEBUG o.m.s.mapper.ClassPathMapperScanner - [ClassPathScanningCandidateComponentProvider.java:476] Identified candidate component class: file [D:\projects\yxbear.top\yxsg\sg\target\classes\com\yxbear\sg\domain\mapper\gi\GiCityBuildMapper.class]
2025-05-19 17:38:36 DEBUG o.m.s.mapper.ClassPathMapperScanner - [ClassPathScanningCandidateComponentProvider.java:476] Identified candidate component class: file [D:\projects\yxbear.top\yxsg\sg\target\classes\com\yxbear\sg\domain\mapper\gi\GiCityDefenceMapper.class]
2025-05-19 17:38:36 DEBUG o.m.s.mapper.ClassPathMapperScanner - [ClassPathScanningCandidateComponentProvider.java:476] Identified candidate component class: file [D:\projects\yxbear.top\yxsg\sg\target\classes\com\yxbear\sg\domain\mapper\gi\GiCityHeroMapper.class]
2025-05-19 17:38:36 DEBUG o.m.s.mapper.ClassPathMapperScanner - [ClassPathScanningCandidateComponentProvider.java:476] Identified candidate component class: file [D:\projects\yxbear.top\yxsg\sg\target\classes\com\yxbear\sg\domain\mapper\gi\GiCityMapper.class]
2025-05-19 17:38:36 DEBUG o.m.s.mapper.ClassPathMapperScanner - [ClassPathScanningCandidateComponentProvider.java:476] Identified candidate component class: file [D:\projects\yxbear.top\yxsg\sg\target\classes\com\yxbear\sg\domain\mapper\gi\GiCityResourceAddMapper.class]
2025-05-19 17:38:36 DEBUG o.m.s.mapper.ClassPathMapperScanner - [ClassPathScanningCandidateComponentProvider.java:476] Identified candidate component class: file [D:\projects\yxbear.top\yxsg\sg\target\classes\com\yxbear\sg\domain\mapper\gi\GiCityResourceMapper.class]
2025-05-19 17:38:36 DEBUG o.m.s.mapper.ClassPathMapperScanner - [ClassPathScanningCandidateComponentProvider.java:476] Identified candidate component class: file [D:\projects\yxbear.top\yxsg\sg\target\classes\com\yxbear\sg\domain\mapper\gi\GiCitySoldierMapper.class]
2025-05-19 17:38:36 DEBUG o.m.s.mapper.ClassPathMapperScanner - [ClassPathScanningCandidateComponentProvider.java:476] Identified candidate component class: file [D:\projects\yxbear.top\yxsg\sg\target\classes\com\yxbear\sg\domain\mapper\gi\GiGoodsMapper.class]
2025-05-19 17:38:36 DEBUG o.m.s.mapper.ClassPathMapperScanner - [ClassPathScanningCandidateComponentProvider.java:476] Identified candidate component class: file [D:\projects\yxbear.top\yxsg\sg\target\classes\com\yxbear\sg\domain\mapper\gi\GiPlayerMapper.class]
2025-05-19 17:38:36 DEBUG o.m.s.mapper.ClassPathMapperScanner - [ClassPathScanningCandidateComponentProvider.java:476] Identified candidate component class: file [D:\projects\yxbear.top\yxsg\sg\target\classes\com\yxbear\sg\domain\mapper\gi\GiUnionMapper.class]
2025-05-19 17:38:36 DEBUG o.m.s.mapper.ClassPathMapperScanner - [ClassPathScanningCandidateComponentProvider.java:476] Identified candidate component class: file [D:\projects\yxbear.top\yxsg\sg\target\classes\com\yxbear\sg\domain\mapper\mem\MemCityBuildUpgradingMapper.class]
2025-05-19 17:38:36 DEBUG o.m.s.mapper.ClassPathMapperScanner - [ClassPathScanningCandidateComponentProvider.java:476] Identified candidate component class: file [D:\projects\yxbear.top\yxsg\sg\target\classes\com\yxbear\sg\domain\mapper\mem\MemTechnicUpgradingMapper.class]
2025-05-19 17:38:36 DEBUG o.m.s.mapper.ClassPathMapperScanner - [ClassPathScanningCandidateComponentProvider.java:476] Identified candidate component class: file [D:\projects\yxbear.top\yxsg\sg\target\classes\com\yxbear\sg\domain\mapper\mem\MemWorldTileExtMapper.class]
2025-05-19 17:38:36 DEBUG o.m.s.mapper.ClassPathMapperScanner - [ClassPathScanningCandidateComponentProvider.java:476] Identified candidate component class: file [D:\projects\yxbear.top\yxsg\sg\target\classes\com\yxbear\sg\domain\mapper\mem\MemWorldTileMapper.class]
2025-05-19 17:38:36 DEBUG o.m.s.mapper.ClassPathMapperScanner - [ClassPathScanningCandidateComponentProvider.java:476] Identified candidate component class: file [D:\projects\yxbear.top\yxsg\sg\target\classes\com\yxbear\sg\domain\mapper\sys\SysUserLogMapper.class]
2025-05-19 17:38:36 DEBUG o.m.s.mapper.ClassPathMapperScanner - [ClassPathScanningCandidateComponentProvider.java:476] Identified candidate component class: file [D:\projects\yxbear.top\yxsg\sg\target\classes\com\yxbear\sg\domain\mapper\sys\SysUserMapper.class]
2025-05-19 17:38:36 DEBUG o.m.s.mapper.ClassPathMapperScanner - [Logger.java:49] Creating MapperFactoryBean with name 'cfgBuildingConditionMapper' and 'com.yxbear.sg.domain.mapper.cfg.CfgBuildingConditionMapper' mapperInterface
2025-05-19 17:38:36 DEBUG o.m.s.mapper.ClassPathMapperScanner - [Logger.java:49] Creating MapperFactoryBean with name 'cfgBuildingLevelMapper' and 'com.yxbear.sg.domain.mapper.cfg.CfgBuildingLevelMapper' mapperInterface
2025-05-19 17:38:36 DEBUG o.m.s.mapper.ClassPathMapperScanner - [Logger.java:49] Creating MapperFactoryBean with name 'cfgBuildingMapper' and 'com.yxbear.sg.domain.mapper.cfg.CfgBuildingMapper' mapperInterface
2025-05-19 17:38:36 DEBUG o.m.s.mapper.ClassPathMapperScanner - [Logger.java:49] Creating MapperFactoryBean with name 'cfgGoodsMapper' and 'com.yxbear.sg.domain.mapper.cfg.CfgGoodsMapper' mapperInterface
2025-05-19 17:38:36 DEBUG o.m.s.mapper.ClassPathMapperScanner - [Logger.java:49] Creating MapperFactoryBean with name 'giCityExtMapper' and 'com.yxbear.sg.domain.mapper.gi.ext.GiCityExtMapper' mapperInterface
2025-05-19 17:38:36 DEBUG o.m.s.mapper.ClassPathMapperScanner - [Logger.java:49] Creating MapperFactoryBean with name 'giCityResourceExtMapper' and 'com.yxbear.sg.domain.mapper.gi.ext.GiCityResourceExtMapper' mapperInterface
2025-05-19 17:38:36 DEBUG o.m.s.mapper.ClassPathMapperScanner - [Logger.java:49] Creating MapperFactoryBean with name 'giCityBuildMapper' and 'com.yxbear.sg.domain.mapper.gi.GiCityBuildMapper' mapperInterface
2025-05-19 17:38:36 DEBUG o.m.s.mapper.ClassPathMapperScanner - [Logger.java:49] Creating MapperFactoryBean with name 'giCityDefenceMapper' and 'com.yxbear.sg.domain.mapper.gi.GiCityDefenceMapper' mapperInterface
2025-05-19 17:38:36 DEBUG o.m.s.mapper.ClassPathMapperScanner - [Logger.java:49] Creating MapperFactoryBean with name 'giCityHeroMapper' and 'com.yxbear.sg.domain.mapper.gi.GiCityHeroMapper' mapperInterface
2025-05-19 17:38:36 DEBUG o.m.s.mapper.ClassPathMapperScanner - [Logger.java:49] Creating MapperFactoryBean with name 'giCityMapper' and 'com.yxbear.sg.domain.mapper.gi.GiCityMapper' mapperInterface
2025-05-19 17:38:36 DEBUG o.m.s.mapper.ClassPathMapperScanner - [Logger.java:49] Creating MapperFactoryBean with name 'giCityResourceAddMapper' and 'com.yxbear.sg.domain.mapper.gi.GiCityResourceAddMapper' mapperInterface
2025-05-19 17:38:36 DEBUG o.m.s.mapper.ClassPathMapperScanner - [Logger.java:49] Creating MapperFactoryBean with name 'giCityResourceMapper' and 'com.yxbear.sg.domain.mapper.gi.GiCityResourceMapper' mapperInterface
2025-05-19 17:38:36 DEBUG o.m.s.mapper.ClassPathMapperScanner - [Logger.java:49] Creating MapperFactoryBean with name 'giCitySoldierMapper' and 'com.yxbear.sg.domain.mapper.gi.GiCitySoldierMapper' mapperInterface
2025-05-19 17:38:36 DEBUG o.m.s.mapper.ClassPathMapperScanner - [Logger.java:49] Creating MapperFactoryBean with name 'giGoodsMapper' and 'com.yxbear.sg.domain.mapper.gi.GiGoodsMapper' mapperInterface
2025-05-19 17:38:36 DEBUG o.m.s.mapper.ClassPathMapperScanner - [Logger.java:49] Creating MapperFactoryBean with name 'giPlayerMapper' and 'com.yxbear.sg.domain.mapper.gi.GiPlayerMapper' mapperInterface
2025-05-19 17:38:36 DEBUG o.m.s.mapper.ClassPathMapperScanner - [Logger.java:49] Creating MapperFactoryBean with name 'giUnionMapper' and 'com.yxbear.sg.domain.mapper.gi.GiUnionMapper' mapperInterface
2025-05-19 17:38:36 DEBUG o.m.s.mapper.ClassPathMapperScanner - [Logger.java:49] Creating MapperFactoryBean with name 'memCityBuildUpgradingMapper' and 'com.yxbear.sg.domain.mapper.mem.MemCityBuildUpgradingMapper' mapperInterface
2025-05-19 17:38:36 DEBUG o.m.s.mapper.ClassPathMapperScanner - [Logger.java:49] Creating MapperFactoryBean with name 'memTechnicUpgradingMapper' and 'com.yxbear.sg.domain.mapper.mem.MemTechnicUpgradingMapper' mapperInterface
2025-05-19 17:38:36 DEBUG o.m.s.mapper.ClassPathMapperScanner - [Logger.java:49] Creating MapperFactoryBean with name 'memWorldTileExtMapper' and 'com.yxbear.sg.domain.mapper.mem.MemWorldTileExtMapper' mapperInterface
2025-05-19 17:38:36 DEBUG o.m.s.mapper.ClassPathMapperScanner - [Logger.java:49] Creating MapperFactoryBean with name 'memWorldTileMapper' and 'com.yxbear.sg.domain.mapper.mem.MemWorldTileMapper' mapperInterface
2025-05-19 17:38:36 DEBUG o.m.s.mapper.ClassPathMapperScanner - [Logger.java:49] Creating MapperFactoryBean with name 'sysUserLogMapper' and 'com.yxbear.sg.domain.mapper.sys.SysUserLogMapper' mapperInterface
2025-05-19 17:38:36 DEBUG o.m.s.mapper.ClassPathMapperScanner - [Logger.java:49] Creating MapperFactoryBean with name 'sysUserMapper' and 'com.yxbear.sg.domain.mapper.sys.SysUserMapper' mapperInterface
2025-05-19 17:38:37 INFO  o.s.b.w.s.c.ServletWebServerApplicationContext - [ServletWebServerApplicationContext.java:301] Root WebApplicationContext: initialization completed in 1968 ms
2025-05-19 17:38:41 DEBUG o.m.spring.SqlSessionFactoryBean - [Logger.java:49] Property 'mapperLocations' was not specified.
2025-05-19 17:38:42 DEBUG o.m.s.t.SpringManagedTransaction - [Logger.java:49] JDBC Connection [HikariProxyConnection@1311933430 wrapping conn0: url=jdbc:h2:file:./data/sg user=YXBEAR] will not be managed by Spring
2025-05-19 17:38:42 DEBUG o.m.s.t.SpringManagedTransaction - [Logger.java:49] JDBC Connection [HikariProxyConnection@2125274496 wrapping conn0: url=jdbc:h2:file:./data/sg user=YXBEAR] will not be managed by Spring
2025-05-19 17:38:42 DEBUG o.m.s.t.SpringManagedTransaction - [Logger.java:49] JDBC Connection [HikariProxyConnection@171063899 wrapping conn0: url=jdbc:h2:file:./data/sg user=YXBEAR] will not be managed by Spring
2025-05-19 17:38:42 INFO  c.yxbear.core.coder.CoderController - [CoderController.java:43] 代码生成器加载成功!========================>
2025-05-19 17:38:43 DEBUG o.m.s.b.a.MybatisAutoConfiguration - [MybatisAutoConfiguration.java:319] Not found configuration for registering mapper bean using @MapperScan, MapperFactoryBean and MapperScannerConfigurer.
2025-05-19 17:38:43 DEBUG o.m.s.t.SpringManagedTransaction - [Logger.java:49] JDBC Connection [HikariProxyConnection@1844674426 wrapping conn1: url=jdbc:h2:file:./data/sg user=YXBEAR] will not be managed by Spring
2025-05-19 17:38:43 INFO  com.yxbear.sg.SgAppMain - [StartupInfoLogger.java:59] Started SgAppMain in 9.756 seconds (process running for 10.28)
2025-05-19 17:38:44 DEBUG o.m.s.t.SpringManagedTransaction - [Logger.java:49] JDBC Connection [HikariProxyConnection@629176477 wrapping conn0: url=jdbc:h2:file:./data/sg user=YXBEAR] will be managed by Spring
2025-05-19 17:38:45 DEBUG o.m.s.t.SpringManagedTransaction - [Logger.java:49] JDBC Connection [HikariProxyConnection@804149415 wrapping conn0: url=jdbc:h2:file:./data/sg user=YXBEAR] will be managed by Spring
2025-05-19 17:38:46 DEBUG o.m.s.t.SpringManagedTransaction - [Logger.java:49] JDBC Connection [HikariProxyConnection@1785296008 wrapping conn0: url=jdbc:h2:file:./data/sg user=YXBEAR] will be managed by Spring
2025-05-19 17:38:47 DEBUG o.m.s.t.SpringManagedTransaction - [Logger.java:49] JDBC Connection [HikariProxyConnection@671476363 wrapping conn0: url=jdbc:h2:file:./data/sg user=YXBEAR] will be managed by Spring
2025-05-19 17:38:48 DEBUG o.m.s.t.SpringManagedTransaction - [Logger.java:49] JDBC Connection [HikariProxyConnection@1545628805 wrapping conn0: url=jdbc:h2:file:./data/sg user=YXBEAR] will be managed by Spring
2025-05-19 17:38:49 DEBUG o.m.s.t.SpringManagedTransaction - [Logger.java:49] JDBC Connection [HikariProxyConnection@1884398663 wrapping conn0: url=jdbc:h2:file:./data/sg user=YXBEAR] will be managed by Spring
2025-05-19 17:38:50 DEBUG o.m.s.t.SpringManagedTransaction - [Logger.java:49] JDBC Connection [HikariProxyConnection@1516925029 wrapping conn0: url=jdbc:h2:file:./data/sg user=YXBEAR] will be managed by Spring
2025-05-19 17:38:51 DEBUG o.m.s.t.SpringManagedTransaction - [Logger.java:49] JDBC Connection [HikariProxyConnection@383269175 wrapping conn0: url=jdbc:h2:file:./data/sg user=YXBEAR] will be managed by Spring
2025-05-19 17:39:49 DEBUG o.m.s.t.SpringManagedTransaction - [Logger.java:49] JDBC Connection [HikariProxyConnection@1800649455 wrapping conn0: url=jdbc:h2:file:./data/sg user=YXBEAR] will be managed by Spring
2025-05-19 17:39:53 INFO  com.yxbear.sg.SgAppMain - [StartupInfoLogger.java:53] Starting SgAppMain v1.0.0 using Java 21.0.3 with PID 14168 (D:\projects\yxbear.top\yxsg\sg\target\classes started by Administrator in D:\projects\yxbear.top\yxsg\sg)
2025-05-19 17:39:53 INFO  com.yxbear.sg.SgAppMain - [SpringApplication.java:652] No active profile set, falling back to 1 default profile: "default"
2025-05-19 17:39:54 DEBUG o.m.s.b.a.MybatisAutoConfiguration - [MybatisAutoConfiguration.java:247] Searching for mappers annotated with @Mapper
2025-05-19 17:39:54 DEBUG o.m.s.b.a.MybatisAutoConfiguration - [MybatisAutoConfiguration.java:251] Using auto-configuration base package 'com.yxbear.sg'
2025-05-19 17:39:54 DEBUG o.m.s.mapper.ClassPathMapperScanner - [ClassPathScanningCandidateComponentProvider.java:476] Identified candidate component class: file [D:\projects\yxbear.top\yxsg\sg\target\classes\com\yxbear\sg\domain\mapper\cfg\CfgBuildingConditionMapper.class]
2025-05-19 17:39:54 DEBUG o.m.s.mapper.ClassPathMapperScanner - [ClassPathScanningCandidateComponentProvider.java:476] Identified candidate component class: file [D:\projects\yxbear.top\yxsg\sg\target\classes\com\yxbear\sg\domain\mapper\cfg\CfgBuildingLevelMapper.class]
2025-05-19 17:39:54 DEBUG o.m.s.mapper.ClassPathMapperScanner - [ClassPathScanningCandidateComponentProvider.java:476] Identified candidate component class: file [D:\projects\yxbear.top\yxsg\sg\target\classes\com\yxbear\sg\domain\mapper\cfg\CfgBuildingMapper.class]
2025-05-19 17:39:54 DEBUG o.m.s.mapper.ClassPathMapperScanner - [ClassPathScanningCandidateComponentProvider.java:476] Identified candidate component class: file [D:\projects\yxbear.top\yxsg\sg\target\classes\com\yxbear\sg\domain\mapper\cfg\CfgGoodsMapper.class]
2025-05-19 17:39:54 DEBUG o.m.s.mapper.ClassPathMapperScanner - [ClassPathScanningCandidateComponentProvider.java:476] Identified candidate component class: file [D:\projects\yxbear.top\yxsg\sg\target\classes\com\yxbear\sg\domain\mapper\gi\ext\GiCityExtMapper.class]
2025-05-19 17:39:54 DEBUG o.m.s.mapper.ClassPathMapperScanner - [ClassPathScanningCandidateComponentProvider.java:476] Identified candidate component class: file [D:\projects\yxbear.top\yxsg\sg\target\classes\com\yxbear\sg\domain\mapper\gi\ext\GiCityResourceExtMapper.class]
2025-05-19 17:39:54 DEBUG o.m.s.mapper.ClassPathMapperScanner - [ClassPathScanningCandidateComponentProvider.java:476] Identified candidate component class: file [D:\projects\yxbear.top\yxsg\sg\target\classes\com\yxbear\sg\domain\mapper\gi\GiCityBuildMapper.class]
2025-05-19 17:39:54 DEBUG o.m.s.mapper.ClassPathMapperScanner - [ClassPathScanningCandidateComponentProvider.java:476] Identified candidate component class: file [D:\projects\yxbear.top\yxsg\sg\target\classes\com\yxbear\sg\domain\mapper\gi\GiCityDefenceMapper.class]
2025-05-19 17:39:54 DEBUG o.m.s.mapper.ClassPathMapperScanner - [ClassPathScanningCandidateComponentProvider.java:476] Identified candidate component class: file [D:\projects\yxbear.top\yxsg\sg\target\classes\com\yxbear\sg\domain\mapper\gi\GiCityHeroMapper.class]
2025-05-19 17:39:54 DEBUG o.m.s.mapper.ClassPathMapperScanner - [ClassPathScanningCandidateComponentProvider.java:476] Identified candidate component class: file [D:\projects\yxbear.top\yxsg\sg\target\classes\com\yxbear\sg\domain\mapper\gi\GiCityMapper.class]
2025-05-19 17:39:54 DEBUG o.m.s.mapper.ClassPathMapperScanner - [ClassPathScanningCandidateComponentProvider.java:476] Identified candidate component class: file [D:\projects\yxbear.top\yxsg\sg\target\classes\com\yxbear\sg\domain\mapper\gi\GiCityResourceAddMapper.class]
2025-05-19 17:39:54 DEBUG o.m.s.mapper.ClassPathMapperScanner - [ClassPathScanningCandidateComponentProvider.java:476] Identified candidate component class: file [D:\projects\yxbear.top\yxsg\sg\target\classes\com\yxbear\sg\domain\mapper\gi\GiCityResourceMapper.class]
2025-05-19 17:39:54 DEBUG o.m.s.mapper.ClassPathMapperScanner - [ClassPathScanningCandidateComponentProvider.java:476] Identified candidate component class: file [D:\projects\yxbear.top\yxsg\sg\target\classes\com\yxbear\sg\domain\mapper\gi\GiCitySoldierMapper.class]
2025-05-19 17:39:54 DEBUG o.m.s.mapper.ClassPathMapperScanner - [ClassPathScanningCandidateComponentProvider.java:476] Identified candidate component class: file [D:\projects\yxbear.top\yxsg\sg\target\classes\com\yxbear\sg\domain\mapper\gi\GiGoodsMapper.class]
2025-05-19 17:39:54 DEBUG o.m.s.mapper.ClassPathMapperScanner - [ClassPathScanningCandidateComponentProvider.java:476] Identified candidate component class: file [D:\projects\yxbear.top\yxsg\sg\target\classes\com\yxbear\sg\domain\mapper\gi\GiPlayerMapper.class]
2025-05-19 17:39:54 DEBUG o.m.s.mapper.ClassPathMapperScanner - [ClassPathScanningCandidateComponentProvider.java:476] Identified candidate component class: file [D:\projects\yxbear.top\yxsg\sg\target\classes\com\yxbear\sg\domain\mapper\gi\GiUnionMapper.class]
2025-05-19 17:39:54 DEBUG o.m.s.mapper.ClassPathMapperScanner - [ClassPathScanningCandidateComponentProvider.java:476] Identified candidate component class: file [D:\projects\yxbear.top\yxsg\sg\target\classes\com\yxbear\sg\domain\mapper\mem\MemCityBuildUpgradingMapper.class]
2025-05-19 17:39:54 DEBUG o.m.s.mapper.ClassPathMapperScanner - [ClassPathScanningCandidateComponentProvider.java:476] Identified candidate component class: file [D:\projects\yxbear.top\yxsg\sg\target\classes\com\yxbear\sg\domain\mapper\mem\MemTechnicUpgradingMapper.class]
2025-05-19 17:39:54 DEBUG o.m.s.mapper.ClassPathMapperScanner - [ClassPathScanningCandidateComponentProvider.java:476] Identified candidate component class: file [D:\projects\yxbear.top\yxsg\sg\target\classes\com\yxbear\sg\domain\mapper\mem\MemWorldTileExtMapper.class]
2025-05-19 17:39:54 DEBUG o.m.s.mapper.ClassPathMapperScanner - [ClassPathScanningCandidateComponentProvider.java:476] Identified candidate component class: file [D:\projects\yxbear.top\yxsg\sg\target\classes\com\yxbear\sg\domain\mapper\mem\MemWorldTileMapper.class]
2025-05-19 17:39:54 DEBUG o.m.s.mapper.ClassPathMapperScanner - [ClassPathScanningCandidateComponentProvider.java:476] Identified candidate component class: file [D:\projects\yxbear.top\yxsg\sg\target\classes\com\yxbear\sg\domain\mapper\sys\SysUserLogMapper.class]
2025-05-19 17:39:54 DEBUG o.m.s.mapper.ClassPathMapperScanner - [ClassPathScanningCandidateComponentProvider.java:476] Identified candidate component class: file [D:\projects\yxbear.top\yxsg\sg\target\classes\com\yxbear\sg\domain\mapper\sys\SysUserMapper.class]
2025-05-19 17:39:54 DEBUG o.m.s.mapper.ClassPathMapperScanner - [Logger.java:49] Creating MapperFactoryBean with name 'cfgBuildingConditionMapper' and 'com.yxbear.sg.domain.mapper.cfg.CfgBuildingConditionMapper' mapperInterface
2025-05-19 17:39:54 DEBUG o.m.s.mapper.ClassPathMapperScanner - [Logger.java:49] Creating MapperFactoryBean with name 'cfgBuildingLevelMapper' and 'com.yxbear.sg.domain.mapper.cfg.CfgBuildingLevelMapper' mapperInterface
2025-05-19 17:39:54 DEBUG o.m.s.mapper.ClassPathMapperScanner - [Logger.java:49] Creating MapperFactoryBean with name 'cfgBuildingMapper' and 'com.yxbear.sg.domain.mapper.cfg.CfgBuildingMapper' mapperInterface
2025-05-19 17:39:54 DEBUG o.m.s.mapper.ClassPathMapperScanner - [Logger.java:49] Creating MapperFactoryBean with name 'cfgGoodsMapper' and 'com.yxbear.sg.domain.mapper.cfg.CfgGoodsMapper' mapperInterface
2025-05-19 17:39:54 DEBUG o.m.s.mapper.ClassPathMapperScanner - [Logger.java:49] Creating MapperFactoryBean with name 'giCityExtMapper' and 'com.yxbear.sg.domain.mapper.gi.ext.GiCityExtMapper' mapperInterface
2025-05-19 17:39:54 DEBUG o.m.s.mapper.ClassPathMapperScanner - [Logger.java:49] Creating MapperFactoryBean with name 'giCityResourceExtMapper' and 'com.yxbear.sg.domain.mapper.gi.ext.GiCityResourceExtMapper' mapperInterface
2025-05-19 17:39:54 DEBUG o.m.s.mapper.ClassPathMapperScanner - [Logger.java:49] Creating MapperFactoryBean with name 'giCityBuildMapper' and 'com.yxbear.sg.domain.mapper.gi.GiCityBuildMapper' mapperInterface
2025-05-19 17:39:54 DEBUG o.m.s.mapper.ClassPathMapperScanner - [Logger.java:49] Creating MapperFactoryBean with name 'giCityDefenceMapper' and 'com.yxbear.sg.domain.mapper.gi.GiCityDefenceMapper' mapperInterface
2025-05-19 17:39:54 DEBUG o.m.s.mapper.ClassPathMapperScanner - [Logger.java:49] Creating MapperFactoryBean with name 'giCityHeroMapper' and 'com.yxbear.sg.domain.mapper.gi.GiCityHeroMapper' mapperInterface
2025-05-19 17:39:54 DEBUG o.m.s.mapper.ClassPathMapperScanner - [Logger.java:49] Creating MapperFactoryBean with name 'giCityMapper' and 'com.yxbear.sg.domain.mapper.gi.GiCityMapper' mapperInterface
2025-05-19 17:39:54 DEBUG o.m.s.mapper.ClassPathMapperScanner - [Logger.java:49] Creating MapperFactoryBean with name 'giCityResourceAddMapper' and 'com.yxbear.sg.domain.mapper.gi.GiCityResourceAddMapper' mapperInterface
2025-05-19 17:39:54 DEBUG o.m.s.mapper.ClassPathMapperScanner - [Logger.java:49] Creating MapperFactoryBean with name 'giCityResourceMapper' and 'com.yxbear.sg.domain.mapper.gi.GiCityResourceMapper' mapperInterface
2025-05-19 17:39:54 DEBUG o.m.s.mapper.ClassPathMapperScanner - [Logger.java:49] Creating MapperFactoryBean with name 'giCitySoldierMapper' and 'com.yxbear.sg.domain.mapper.gi.GiCitySoldierMapper' mapperInterface
2025-05-19 17:39:54 DEBUG o.m.s.mapper.ClassPathMapperScanner - [Logger.java:49] Creating MapperFactoryBean with name 'giGoodsMapper' and 'com.yxbear.sg.domain.mapper.gi.GiGoodsMapper' mapperInterface
2025-05-19 17:39:54 DEBUG o.m.s.mapper.ClassPathMapperScanner - [Logger.java:49] Creating MapperFactoryBean with name 'giPlayerMapper' and 'com.yxbear.sg.domain.mapper.gi.GiPlayerMapper' mapperInterface
2025-05-19 17:39:54 DEBUG o.m.s.mapper.ClassPathMapperScanner - [Logger.java:49] Creating MapperFactoryBean with name 'giUnionMapper' and 'com.yxbear.sg.domain.mapper.gi.GiUnionMapper' mapperInterface
2025-05-19 17:39:54 DEBUG o.m.s.mapper.ClassPathMapperScanner - [Logger.java:49] Creating MapperFactoryBean with name 'memCityBuildUpgradingMapper' and 'com.yxbear.sg.domain.mapper.mem.MemCityBuildUpgradingMapper' mapperInterface
2025-05-19 17:39:54 DEBUG o.m.s.mapper.ClassPathMapperScanner - [Logger.java:49] Creating MapperFactoryBean with name 'memTechnicUpgradingMapper' and 'com.yxbear.sg.domain.mapper.mem.MemTechnicUpgradingMapper' mapperInterface
2025-05-19 17:39:54 DEBUG o.m.s.mapper.ClassPathMapperScanner - [Logger.java:49] Creating MapperFactoryBean with name 'memWorldTileExtMapper' and 'com.yxbear.sg.domain.mapper.mem.MemWorldTileExtMapper' mapperInterface
2025-05-19 17:39:54 DEBUG o.m.s.mapper.ClassPathMapperScanner - [Logger.java:49] Creating MapperFactoryBean with name 'memWorldTileMapper' and 'com.yxbear.sg.domain.mapper.mem.MemWorldTileMapper' mapperInterface
2025-05-19 17:39:54 DEBUG o.m.s.mapper.ClassPathMapperScanner - [Logger.java:49] Creating MapperFactoryBean with name 'sysUserLogMapper' and 'com.yxbear.sg.domain.mapper.sys.SysUserLogMapper' mapperInterface
2025-05-19 17:39:54 DEBUG o.m.s.mapper.ClassPathMapperScanner - [Logger.java:49] Creating MapperFactoryBean with name 'sysUserMapper' and 'com.yxbear.sg.domain.mapper.sys.SysUserMapper' mapperInterface
2025-05-19 17:39:55 INFO  o.s.b.w.s.c.ServletWebServerApplicationContext - [ServletWebServerApplicationContext.java:301] Root WebApplicationContext: initialization completed in 1944 ms
2025-05-19 17:39:59 DEBUG o.m.spring.SqlSessionFactoryBean - [Logger.java:49] Property 'mapperLocations' was not specified.
2025-05-19 17:40:00 INFO  c.yxbear.core.coder.CoderController - [CoderController.java:43] 代码生成器加载成功!========================>
2025-05-19 17:40:01 DEBUG o.m.s.b.a.MybatisAutoConfiguration - [MybatisAutoConfiguration.java:319] Not found configuration for registering mapper bean using @MapperScan, MapperFactoryBean and MapperScannerConfigurer.
2025-05-19 17:40:01 INFO  com.yxbear.sg.SgAppMain - [StartupInfoLogger.java:59] Started SgAppMain in 9.56 seconds (process running for 10.097)
2025-05-19 17:40:21 INFO  com.yxbear.sg.SgAppMain - [StartupInfoLogger.java:53] Starting SgAppMain v1.0.0 using Java 21.0.3 with PID 15144 (D:\projects\yxbear.top\yxsg\sg\target\classes started by Administrator in D:\projects\yxbear.top\yxsg\sg)
2025-05-19 17:40:21 INFO  com.yxbear.sg.SgAppMain - [SpringApplication.java:652] No active profile set, falling back to 1 default profile: "default"
2025-05-19 17:40:21 DEBUG o.m.s.b.a.MybatisAutoConfiguration - [MybatisAutoConfiguration.java:247] Searching for mappers annotated with @Mapper
2025-05-19 17:40:21 DEBUG o.m.s.b.a.MybatisAutoConfiguration - [MybatisAutoConfiguration.java:251] Using auto-configuration base package 'com.yxbear.sg'
2025-05-19 17:40:22 DEBUG o.m.s.mapper.ClassPathMapperScanner - [ClassPathScanningCandidateComponentProvider.java:476] Identified candidate component class: file [D:\projects\yxbear.top\yxsg\sg\target\classes\com\yxbear\sg\domain\mapper\cfg\CfgBuildingConditionMapper.class]
2025-05-19 17:40:22 DEBUG o.m.s.mapper.ClassPathMapperScanner - [ClassPathScanningCandidateComponentProvider.java:476] Identified candidate component class: file [D:\projects\yxbear.top\yxsg\sg\target\classes\com\yxbear\sg\domain\mapper\cfg\CfgBuildingLevelMapper.class]
2025-05-19 17:40:22 DEBUG o.m.s.mapper.ClassPathMapperScanner - [ClassPathScanningCandidateComponentProvider.java:476] Identified candidate component class: file [D:\projects\yxbear.top\yxsg\sg\target\classes\com\yxbear\sg\domain\mapper\cfg\CfgBuildingMapper.class]
2025-05-19 17:40:22 DEBUG o.m.s.mapper.ClassPathMapperScanner - [ClassPathScanningCandidateComponentProvider.java:476] Identified candidate component class: file [D:\projects\yxbear.top\yxsg\sg\target\classes\com\yxbear\sg\domain\mapper\cfg\CfgGoodsMapper.class]
2025-05-19 17:40:22 DEBUG o.m.s.mapper.ClassPathMapperScanner - [ClassPathScanningCandidateComponentProvider.java:476] Identified candidate component class: file [D:\projects\yxbear.top\yxsg\sg\target\classes\com\yxbear\sg\domain\mapper\gi\ext\GiCityExtMapper.class]
2025-05-19 17:40:22 DEBUG o.m.s.mapper.ClassPathMapperScanner - [ClassPathScanningCandidateComponentProvider.java:476] Identified candidate component class: file [D:\projects\yxbear.top\yxsg\sg\target\classes\com\yxbear\sg\domain\mapper\gi\ext\GiCityResourceExtMapper.class]
2025-05-19 17:40:22 DEBUG o.m.s.mapper.ClassPathMapperScanner - [ClassPathScanningCandidateComponentProvider.java:476] Identified candidate component class: file [D:\projects\yxbear.top\yxsg\sg\target\classes\com\yxbear\sg\domain\mapper\gi\GiCityBuildMapper.class]
2025-05-19 17:40:22 DEBUG o.m.s.mapper.ClassPathMapperScanner - [ClassPathScanningCandidateComponentProvider.java:476] Identified candidate component class: file [D:\projects\yxbear.top\yxsg\sg\target\classes\com\yxbear\sg\domain\mapper\gi\GiCityDefenceMapper.class]
2025-05-19 17:40:22 DEBUG o.m.s.mapper.ClassPathMapperScanner - [ClassPathScanningCandidateComponentProvider.java:476] Identified candidate component class: file [D:\projects\yxbear.top\yxsg\sg\target\classes\com\yxbear\sg\domain\mapper\gi\GiCityHeroMapper.class]
2025-05-19 17:40:22 DEBUG o.m.s.mapper.ClassPathMapperScanner - [ClassPathScanningCandidateComponentProvider.java:476] Identified candidate component class: file [D:\projects\yxbear.top\yxsg\sg\target\classes\com\yxbear\sg\domain\mapper\gi\GiCityMapper.class]
2025-05-19 17:40:22 DEBUG o.m.s.mapper.ClassPathMapperScanner - [ClassPathScanningCandidateComponentProvider.java:476] Identified candidate component class: file [D:\projects\yxbear.top\yxsg\sg\target\classes\com\yxbear\sg\domain\mapper\gi\GiCityResourceAddMapper.class]
2025-05-19 17:40:22 DEBUG o.m.s.mapper.ClassPathMapperScanner - [ClassPathScanningCandidateComponentProvider.java:476] Identified candidate component class: file [D:\projects\yxbear.top\yxsg\sg\target\classes\com\yxbear\sg\domain\mapper\gi\GiCityResourceMapper.class]
2025-05-19 17:40:22 DEBUG o.m.s.mapper.ClassPathMapperScanner - [ClassPathScanningCandidateComponentProvider.java:476] Identified candidate component class: file [D:\projects\yxbear.top\yxsg\sg\target\classes\com\yxbear\sg\domain\mapper\gi\GiCitySoldierMapper.class]
2025-05-19 17:40:22 DEBUG o.m.s.mapper.ClassPathMapperScanner - [ClassPathScanningCandidateComponentProvider.java:476] Identified candidate component class: file [D:\projects\yxbear.top\yxsg\sg\target\classes\com\yxbear\sg\domain\mapper\gi\GiGoodsMapper.class]
2025-05-19 17:40:22 DEBUG o.m.s.mapper.ClassPathMapperScanner - [ClassPathScanningCandidateComponentProvider.java:476] Identified candidate component class: file [D:\projects\yxbear.top\yxsg\sg\target\classes\com\yxbear\sg\domain\mapper\gi\GiPlayerMapper.class]
2025-05-19 17:40:22 DEBUG o.m.s.mapper.ClassPathMapperScanner - [ClassPathScanningCandidateComponentProvider.java:476] Identified candidate component class: file [D:\projects\yxbear.top\yxsg\sg\target\classes\com\yxbear\sg\domain\mapper\gi\GiUnionMapper.class]
2025-05-19 17:40:22 DEBUG o.m.s.mapper.ClassPathMapperScanner - [ClassPathScanningCandidateComponentProvider.java:476] Identified candidate component class: file [D:\projects\yxbear.top\yxsg\sg\target\classes\com\yxbear\sg\domain\mapper\mem\MemCityBuildUpgradingMapper.class]
2025-05-19 17:40:22 DEBUG o.m.s.mapper.ClassPathMapperScanner - [ClassPathScanningCandidateComponentProvider.java:476] Identified candidate component class: file [D:\projects\yxbear.top\yxsg\sg\target\classes\com\yxbear\sg\domain\mapper\mem\MemTechnicUpgradingMapper.class]
2025-05-19 17:40:22 DEBUG o.m.s.mapper.ClassPathMapperScanner - [ClassPathScanningCandidateComponentProvider.java:476] Identified candidate component class: file [D:\projects\yxbear.top\yxsg\sg\target\classes\com\yxbear\sg\domain\mapper\mem\MemWorldTileExtMapper.class]
2025-05-19 17:40:22 DEBUG o.m.s.mapper.ClassPathMapperScanner - [ClassPathScanningCandidateComponentProvider.java:476] Identified candidate component class: file [D:\projects\yxbear.top\yxsg\sg\target\classes\com\yxbear\sg\domain\mapper\mem\MemWorldTileMapper.class]
2025-05-19 17:40:22 DEBUG o.m.s.mapper.ClassPathMapperScanner - [ClassPathScanningCandidateComponentProvider.java:476] Identified candidate component class: file [D:\projects\yxbear.top\yxsg\sg\target\classes\com\yxbear\sg\domain\mapper\sys\SysUserLogMapper.class]
2025-05-19 17:40:22 DEBUG o.m.s.mapper.ClassPathMapperScanner - [ClassPathScanningCandidateComponentProvider.java:476] Identified candidate component class: file [D:\projects\yxbear.top\yxsg\sg\target\classes\com\yxbear\sg\domain\mapper\sys\SysUserMapper.class]
2025-05-19 17:40:22 DEBUG o.m.s.mapper.ClassPathMapperScanner - [Logger.java:49] Creating MapperFactoryBean with name 'cfgBuildingConditionMapper' and 'com.yxbear.sg.domain.mapper.cfg.CfgBuildingConditionMapper' mapperInterface
2025-05-19 17:40:22 DEBUG o.m.s.mapper.ClassPathMapperScanner - [Logger.java:49] Creating MapperFactoryBean with name 'cfgBuildingLevelMapper' and 'com.yxbear.sg.domain.mapper.cfg.CfgBuildingLevelMapper' mapperInterface
2025-05-19 17:40:22 DEBUG o.m.s.mapper.ClassPathMapperScanner - [Logger.java:49] Creating MapperFactoryBean with name 'cfgBuildingMapper' and 'com.yxbear.sg.domain.mapper.cfg.CfgBuildingMapper' mapperInterface
2025-05-19 17:40:22 DEBUG o.m.s.mapper.ClassPathMapperScanner - [Logger.java:49] Creating MapperFactoryBean with name 'cfgGoodsMapper' and 'com.yxbear.sg.domain.mapper.cfg.CfgGoodsMapper' mapperInterface
2025-05-19 17:40:22 DEBUG o.m.s.mapper.ClassPathMapperScanner - [Logger.java:49] Creating MapperFactoryBean with name 'giCityExtMapper' and 'com.yxbear.sg.domain.mapper.gi.ext.GiCityExtMapper' mapperInterface
2025-05-19 17:40:22 DEBUG o.m.s.mapper.ClassPathMapperScanner - [Logger.java:49] Creating MapperFactoryBean with name 'giCityResourceExtMapper' and 'com.yxbear.sg.domain.mapper.gi.ext.GiCityResourceExtMapper' mapperInterface
2025-05-19 17:40:22 DEBUG o.m.s.mapper.ClassPathMapperScanner - [Logger.java:49] Creating MapperFactoryBean with name 'giCityBuildMapper' and 'com.yxbear.sg.domain.mapper.gi.GiCityBuildMapper' mapperInterface
2025-05-19 17:40:22 DEBUG o.m.s.mapper.ClassPathMapperScanner - [Logger.java:49] Creating MapperFactoryBean with name 'giCityDefenceMapper' and 'com.yxbear.sg.domain.mapper.gi.GiCityDefenceMapper' mapperInterface
2025-05-19 17:40:22 DEBUG o.m.s.mapper.ClassPathMapperScanner - [Logger.java:49] Creating MapperFactoryBean with name 'giCityHeroMapper' and 'com.yxbear.sg.domain.mapper.gi.GiCityHeroMapper' mapperInterface
2025-05-19 17:40:22 DEBUG o.m.s.mapper.ClassPathMapperScanner - [Logger.java:49] Creating MapperFactoryBean with name 'giCityMapper' and 'com.yxbear.sg.domain.mapper.gi.GiCityMapper' mapperInterface
2025-05-19 17:40:22 DEBUG o.m.s.mapper.ClassPathMapperScanner - [Logger.java:49] Creating MapperFactoryBean with name 'giCityResourceAddMapper' and 'com.yxbear.sg.domain.mapper.gi.GiCityResourceAddMapper' mapperInterface
2025-05-19 17:40:22 DEBUG o.m.s.mapper.ClassPathMapperScanner - [Logger.java:49] Creating MapperFactoryBean with name 'giCityResourceMapper' and 'com.yxbear.sg.domain.mapper.gi.GiCityResourceMapper' mapperInterface
2025-05-19 17:40:22 DEBUG o.m.s.mapper.ClassPathMapperScanner - [Logger.java:49] Creating MapperFactoryBean with name 'giCitySoldierMapper' and 'com.yxbear.sg.domain.mapper.gi.GiCitySoldierMapper' mapperInterface
2025-05-19 17:40:22 DEBUG o.m.s.mapper.ClassPathMapperScanner - [Logger.java:49] Creating MapperFactoryBean with name 'giGoodsMapper' and 'com.yxbear.sg.domain.mapper.gi.GiGoodsMapper' mapperInterface
2025-05-19 17:40:22 DEBUG o.m.s.mapper.ClassPathMapperScanner - [Logger.java:49] Creating MapperFactoryBean with name 'giPlayerMapper' and 'com.yxbear.sg.domain.mapper.gi.GiPlayerMapper' mapperInterface
2025-05-19 17:40:22 DEBUG o.m.s.mapper.ClassPathMapperScanner - [Logger.java:49] Creating MapperFactoryBean with name 'giUnionMapper' and 'com.yxbear.sg.domain.mapper.gi.GiUnionMapper' mapperInterface
2025-05-19 17:40:22 DEBUG o.m.s.mapper.ClassPathMapperScanner - [Logger.java:49] Creating MapperFactoryBean with name 'memCityBuildUpgradingMapper' and 'com.yxbear.sg.domain.mapper.mem.MemCityBuildUpgradingMapper' mapperInterface
2025-05-19 17:40:22 DEBUG o.m.s.mapper.ClassPathMapperScanner - [Logger.java:49] Creating MapperFactoryBean with name 'memTechnicUpgradingMapper' and 'com.yxbear.sg.domain.mapper.mem.MemTechnicUpgradingMapper' mapperInterface
2025-05-19 17:40:22 DEBUG o.m.s.mapper.ClassPathMapperScanner - [Logger.java:49] Creating MapperFactoryBean with name 'memWorldTileExtMapper' and 'com.yxbear.sg.domain.mapper.mem.MemWorldTileExtMapper' mapperInterface
2025-05-19 17:40:22 DEBUG o.m.s.mapper.ClassPathMapperScanner - [Logger.java:49] Creating MapperFactoryBean with name 'memWorldTileMapper' and 'com.yxbear.sg.domain.mapper.mem.MemWorldTileMapper' mapperInterface
2025-05-19 17:40:22 DEBUG o.m.s.mapper.ClassPathMapperScanner - [Logger.java:49] Creating MapperFactoryBean with name 'sysUserLogMapper' and 'com.yxbear.sg.domain.mapper.sys.SysUserLogMapper' mapperInterface
2025-05-19 17:40:22 DEBUG o.m.s.mapper.ClassPathMapperScanner - [Logger.java:49] Creating MapperFactoryBean with name 'sysUserMapper' and 'com.yxbear.sg.domain.mapper.sys.SysUserMapper' mapperInterface
2025-05-19 17:40:23 INFO  o.s.b.w.s.c.ServletWebServerApplicationContext - [ServletWebServerApplicationContext.java:301] Root WebApplicationContext: initialization completed in 1943 ms
2025-05-19 17:40:27 DEBUG o.m.spring.SqlSessionFactoryBean - [Logger.java:49] Property 'mapperLocations' was not specified.
2025-05-19 17:40:28 INFO  c.yxbear.core.coder.CoderController - [CoderController.java:43] 代码生成器加载成功!========================>
2025-05-19 17:40:28 DEBUG o.m.s.b.a.MybatisAutoConfiguration - [MybatisAutoConfiguration.java:319] Not found configuration for registering mapper bean using @MapperScan, MapperFactoryBean and MapperScannerConfigurer.
2025-05-19 17:40:29 INFO  com.yxbear.sg.SgAppMain - [StartupInfoLogger.java:59] Started SgAppMain in 9.099 seconds (process running for 9.604)
2025-05-19 17:41:13 ERROR o.s.s.s.TaskUtils$LoggingErrorHandler - [TaskUtils.java:95] Unexpected error occurred in scheduled task
org.springframework.transaction.CannotCreateTransactionException: Could not open JDBC Connection for transaction
	at org.springframework.jdbc.datasource.DataSourceTransactionManager.doBegin(DataSourceTransactionManager.java:313)
	at org.springframework.transaction.support.AbstractPlatformTransactionManager.startTransaction(AbstractPlatformTransactionManager.java:532)
	at org.springframework.transaction.support.AbstractPlatformTransactionManager.getTransaction(AbstractPlatformTransactionManager.java:405)
	at org.springframework.transaction.interceptor.TransactionAspectSupport.createTransactionIfNecessary(TransactionAspectSupport.java:639)
	at org.springframework.transaction.interceptor.TransactionAspectSupport.invokeWithinTransaction(TransactionAspectSupport.java:374)
	at org.springframework.transaction.interceptor.TransactionInterceptor.invoke(TransactionInterceptor.java:119)
	at org.springframework.aop.framework.ReflectiveMethodInvocation.proceed(ReflectiveMethodInvocation.java:184)
	at org.springframework.aop.framework.CglibAopProxy$DynamicAdvisedInterceptor.intercept(CglibAopProxy.java:728)
	at com.yxbear.sg.svc.egimpl.jobs.BuildingUpgradeJob$$SpringCGLIB$$0.processBuilding(<generated>)
	at org.springframework.scheduling.support.DelegatingErrorHandlingRunnable.run(DelegatingErrorHandlingRunnable.java:54)
	at java.base/java.util.concurrent.Executors$RunnableAdapter.call(Executors.java:572)
	at java.base/java.util.concurrent.FutureTask.runAndReset$$$capture(FutureTask.java:358)
	at java.base/java.util.concurrent.FutureTask.runAndReset(FutureTask.java)
	at java.base/java.util.concurrent.ScheduledThreadPoolExecutor$ScheduledFutureTask.run(ScheduledThreadPoolExecutor.java:305)
	at java.base/java.util.concurrent.ThreadPoolExecutor.runWorker(ThreadPoolExecutor.java:1144)
	at java.base/java.util.concurrent.ThreadPoolExecutor$Worker.run(ThreadPoolExecutor.java:642)
	at java.base/java.lang.Thread.run(Thread.java:1583)
Caused by: java.sql.SQLException: HikariPool-1 - Interrupted during connection acquisition
	at com.zaxxer.hikari.pool.HikariPool.getConnection(HikariPool.java:183)
	at com.zaxxer.hikari.pool.HikariPool.getConnection(HikariPool.java:144)
	at com.zaxxer.hikari.HikariDataSource.getConnection(HikariDataSource.java:127)
	at org.springframework.jdbc.datasource.DataSourceTransactionManager.doBegin(DataSourceTransactionManager.java:269)
	... 16 common frames omitted
Caused by: java.lang.InterruptedException: null
	at java.base/java.util.concurrent.SynchronousQueue.poll(SynchronousQueue.java:338)
	at com.zaxxer.hikari.util.ConcurrentBag.borrow(ConcurrentBag.java:151)
	at com.zaxxer.hikari.pool.HikariPool.getConnection(HikariPool.java:162)
	... 19 common frames omitted
2025-05-19 17:41:18 INFO  com.yxbear.sg.SgAppMain - [StartupInfoLogger.java:53] Starting SgAppMain v1.0.0 using Java 21.0.3 with PID 11948 (D:\projects\yxbear.top\yxsg\sg\target\classes started by Administrator in D:\projects\yxbear.top\yxsg\sg)
2025-05-19 17:41:18 INFO  com.yxbear.sg.SgAppMain - [SpringApplication.java:652] No active profile set, falling back to 1 default profile: "default"
2025-05-19 17:41:19 DEBUG o.m.s.b.a.MybatisAutoConfiguration - [MybatisAutoConfiguration.java:247] Searching for mappers annotated with @Mapper
2025-05-19 17:41:19 DEBUG o.m.s.b.a.MybatisAutoConfiguration - [MybatisAutoConfiguration.java:251] Using auto-configuration base package 'com.yxbear.sg'
2025-05-19 17:41:19 DEBUG o.m.s.mapper.ClassPathMapperScanner - [ClassPathScanningCandidateComponentProvider.java:476] Identified candidate component class: file [D:\projects\yxbear.top\yxsg\sg\target\classes\com\yxbear\sg\domain\mapper\cfg\CfgBuildingConditionMapper.class]
2025-05-19 17:41:19 DEBUG o.m.s.mapper.ClassPathMapperScanner - [ClassPathScanningCandidateComponentProvider.java:476] Identified candidate component class: file [D:\projects\yxbear.top\yxsg\sg\target\classes\com\yxbear\sg\domain\mapper\cfg\CfgBuildingLevelMapper.class]
2025-05-19 17:41:19 DEBUG o.m.s.mapper.ClassPathMapperScanner - [ClassPathScanningCandidateComponentProvider.java:476] Identified candidate component class: file [D:\projects\yxbear.top\yxsg\sg\target\classes\com\yxbear\sg\domain\mapper\cfg\CfgBuildingMapper.class]
2025-05-19 17:41:19 DEBUG o.m.s.mapper.ClassPathMapperScanner - [ClassPathScanningCandidateComponentProvider.java:476] Identified candidate component class: file [D:\projects\yxbear.top\yxsg\sg\target\classes\com\yxbear\sg\domain\mapper\cfg\CfgGoodsMapper.class]
2025-05-19 17:41:19 DEBUG o.m.s.mapper.ClassPathMapperScanner - [ClassPathScanningCandidateComponentProvider.java:476] Identified candidate component class: file [D:\projects\yxbear.top\yxsg\sg\target\classes\com\yxbear\sg\domain\mapper\gi\ext\GiCityExtMapper.class]
2025-05-19 17:41:19 DEBUG o.m.s.mapper.ClassPathMapperScanner - [ClassPathScanningCandidateComponentProvider.java:476] Identified candidate component class: file [D:\projects\yxbear.top\yxsg\sg\target\classes\com\yxbear\sg\domain\mapper\gi\ext\GiCityResourceExtMapper.class]
2025-05-19 17:41:19 DEBUG o.m.s.mapper.ClassPathMapperScanner - [ClassPathScanningCandidateComponentProvider.java:476] Identified candidate component class: file [D:\projects\yxbear.top\yxsg\sg\target\classes\com\yxbear\sg\domain\mapper\gi\GiCityBuildMapper.class]
2025-05-19 17:41:19 DEBUG o.m.s.mapper.ClassPathMapperScanner - [ClassPathScanningCandidateComponentProvider.java:476] Identified candidate component class: file [D:\projects\yxbear.top\yxsg\sg\target\classes\com\yxbear\sg\domain\mapper\gi\GiCityDefenceMapper.class]
2025-05-19 17:41:19 DEBUG o.m.s.mapper.ClassPathMapperScanner - [ClassPathScanningCandidateComponentProvider.java:476] Identified candidate component class: file [D:\projects\yxbear.top\yxsg\sg\target\classes\com\yxbear\sg\domain\mapper\gi\GiCityHeroMapper.class]
2025-05-19 17:41:19 DEBUG o.m.s.mapper.ClassPathMapperScanner - [ClassPathScanningCandidateComponentProvider.java:476] Identified candidate component class: file [D:\projects\yxbear.top\yxsg\sg\target\classes\com\yxbear\sg\domain\mapper\gi\GiCityMapper.class]
2025-05-19 17:41:19 DEBUG o.m.s.mapper.ClassPathMapperScanner - [ClassPathScanningCandidateComponentProvider.java:476] Identified candidate component class: file [D:\projects\yxbear.top\yxsg\sg\target\classes\com\yxbear\sg\domain\mapper\gi\GiCityResourceAddMapper.class]
2025-05-19 17:41:19 DEBUG o.m.s.mapper.ClassPathMapperScanner - [ClassPathScanningCandidateComponentProvider.java:476] Identified candidate component class: file [D:\projects\yxbear.top\yxsg\sg\target\classes\com\yxbear\sg\domain\mapper\gi\GiCityResourceMapper.class]
2025-05-19 17:41:19 DEBUG o.m.s.mapper.ClassPathMapperScanner - [ClassPathScanningCandidateComponentProvider.java:476] Identified candidate component class: file [D:\projects\yxbear.top\yxsg\sg\target\classes\com\yxbear\sg\domain\mapper\gi\GiCitySoldierMapper.class]
2025-05-19 17:41:19 DEBUG o.m.s.mapper.ClassPathMapperScanner - [ClassPathScanningCandidateComponentProvider.java:476] Identified candidate component class: file [D:\projects\yxbear.top\yxsg\sg\target\classes\com\yxbear\sg\domain\mapper\gi\GiGoodsMapper.class]
2025-05-19 17:41:19 DEBUG o.m.s.mapper.ClassPathMapperScanner - [ClassPathScanningCandidateComponentProvider.java:476] Identified candidate component class: file [D:\projects\yxbear.top\yxsg\sg\target\classes\com\yxbear\sg\domain\mapper\gi\GiPlayerMapper.class]
2025-05-19 17:41:19 DEBUG o.m.s.mapper.ClassPathMapperScanner - [ClassPathScanningCandidateComponentProvider.java:476] Identified candidate component class: file [D:\projects\yxbear.top\yxsg\sg\target\classes\com\yxbear\sg\domain\mapper\gi\GiUnionMapper.class]
2025-05-19 17:41:19 DEBUG o.m.s.mapper.ClassPathMapperScanner - [ClassPathScanningCandidateComponentProvider.java:476] Identified candidate component class: file [D:\projects\yxbear.top\yxsg\sg\target\classes\com\yxbear\sg\domain\mapper\mem\MemCityBuildUpgradingMapper.class]
2025-05-19 17:41:19 DEBUG o.m.s.mapper.ClassPathMapperScanner - [ClassPathScanningCandidateComponentProvider.java:476] Identified candidate component class: file [D:\projects\yxbear.top\yxsg\sg\target\classes\com\yxbear\sg\domain\mapper\mem\MemTechnicUpgradingMapper.class]
2025-05-19 17:41:19 DEBUG o.m.s.mapper.ClassPathMapperScanner - [ClassPathScanningCandidateComponentProvider.java:476] Identified candidate component class: file [D:\projects\yxbear.top\yxsg\sg\target\classes\com\yxbear\sg\domain\mapper\mem\MemWorldTileExtMapper.class]
2025-05-19 17:41:19 DEBUG o.m.s.mapper.ClassPathMapperScanner - [ClassPathScanningCandidateComponentProvider.java:476] Identified candidate component class: file [D:\projects\yxbear.top\yxsg\sg\target\classes\com\yxbear\sg\domain\mapper\mem\MemWorldTileMapper.class]
2025-05-19 17:41:19 DEBUG o.m.s.mapper.ClassPathMapperScanner - [ClassPathScanningCandidateComponentProvider.java:476] Identified candidate component class: file [D:\projects\yxbear.top\yxsg\sg\target\classes\com\yxbear\sg\domain\mapper\sys\SysUserLogMapper.class]
2025-05-19 17:41:19 DEBUG o.m.s.mapper.ClassPathMapperScanner - [ClassPathScanningCandidateComponentProvider.java:476] Identified candidate component class: file [D:\projects\yxbear.top\yxsg\sg\target\classes\com\yxbear\sg\domain\mapper\sys\SysUserMapper.class]
2025-05-19 17:41:19 DEBUG o.m.s.mapper.ClassPathMapperScanner - [Logger.java:49] Creating MapperFactoryBean with name 'cfgBuildingConditionMapper' and 'com.yxbear.sg.domain.mapper.cfg.CfgBuildingConditionMapper' mapperInterface
2025-05-19 17:41:19 DEBUG o.m.s.mapper.ClassPathMapperScanner - [Logger.java:49] Creating MapperFactoryBean with name 'cfgBuildingLevelMapper' and 'com.yxbear.sg.domain.mapper.cfg.CfgBuildingLevelMapper' mapperInterface
2025-05-19 17:41:19 DEBUG o.m.s.mapper.ClassPathMapperScanner - [Logger.java:49] Creating MapperFactoryBean with name 'cfgBuildingMapper' and 'com.yxbear.sg.domain.mapper.cfg.CfgBuildingMapper' mapperInterface
2025-05-19 17:41:19 DEBUG o.m.s.mapper.ClassPathMapperScanner - [Logger.java:49] Creating MapperFactoryBean with name 'cfgGoodsMapper' and 'com.yxbear.sg.domain.mapper.cfg.CfgGoodsMapper' mapperInterface
2025-05-19 17:41:19 DEBUG o.m.s.mapper.ClassPathMapperScanner - [Logger.java:49] Creating MapperFactoryBean with name 'giCityExtMapper' and 'com.yxbear.sg.domain.mapper.gi.ext.GiCityExtMapper' mapperInterface
2025-05-19 17:41:19 DEBUG o.m.s.mapper.ClassPathMapperScanner - [Logger.java:49] Creating MapperFactoryBean with name 'giCityResourceExtMapper' and 'com.yxbear.sg.domain.mapper.gi.ext.GiCityResourceExtMapper' mapperInterface
2025-05-19 17:41:19 DEBUG o.m.s.mapper.ClassPathMapperScanner - [Logger.java:49] Creating MapperFactoryBean with name 'giCityBuildMapper' and 'com.yxbear.sg.domain.mapper.gi.GiCityBuildMapper' mapperInterface
2025-05-19 17:41:19 DEBUG o.m.s.mapper.ClassPathMapperScanner - [Logger.java:49] Creating MapperFactoryBean with name 'giCityDefenceMapper' and 'com.yxbear.sg.domain.mapper.gi.GiCityDefenceMapper' mapperInterface
2025-05-19 17:41:19 DEBUG o.m.s.mapper.ClassPathMapperScanner - [Logger.java:49] Creating MapperFactoryBean with name 'giCityHeroMapper' and 'com.yxbear.sg.domain.mapper.gi.GiCityHeroMapper' mapperInterface
2025-05-19 17:41:19 DEBUG o.m.s.mapper.ClassPathMapperScanner - [Logger.java:49] Creating MapperFactoryBean with name 'giCityMapper' and 'com.yxbear.sg.domain.mapper.gi.GiCityMapper' mapperInterface
2025-05-19 17:41:19 DEBUG o.m.s.mapper.ClassPathMapperScanner - [Logger.java:49] Creating MapperFactoryBean with name 'giCityResourceAddMapper' and 'com.yxbear.sg.domain.mapper.gi.GiCityResourceAddMapper' mapperInterface
2025-05-19 17:41:19 DEBUG o.m.s.mapper.ClassPathMapperScanner - [Logger.java:49] Creating MapperFactoryBean with name 'giCityResourceMapper' and 'com.yxbear.sg.domain.mapper.gi.GiCityResourceMapper' mapperInterface
2025-05-19 17:41:19 DEBUG o.m.s.mapper.ClassPathMapperScanner - [Logger.java:49] Creating MapperFactoryBean with name 'giCitySoldierMapper' and 'com.yxbear.sg.domain.mapper.gi.GiCitySoldierMapper' mapperInterface
2025-05-19 17:41:19 DEBUG o.m.s.mapper.ClassPathMapperScanner - [Logger.java:49] Creating MapperFactoryBean with name 'giGoodsMapper' and 'com.yxbear.sg.domain.mapper.gi.GiGoodsMapper' mapperInterface
2025-05-19 17:41:19 DEBUG o.m.s.mapper.ClassPathMapperScanner - [Logger.java:49] Creating MapperFactoryBean with name 'giPlayerMapper' and 'com.yxbear.sg.domain.mapper.gi.GiPlayerMapper' mapperInterface
2025-05-19 17:41:19 DEBUG o.m.s.mapper.ClassPathMapperScanner - [Logger.java:49] Creating MapperFactoryBean with name 'giUnionMapper' and 'com.yxbear.sg.domain.mapper.gi.GiUnionMapper' mapperInterface
2025-05-19 17:41:19 DEBUG o.m.s.mapper.ClassPathMapperScanner - [Logger.java:49] Creating MapperFactoryBean with name 'memCityBuildUpgradingMapper' and 'com.yxbear.sg.domain.mapper.mem.MemCityBuildUpgradingMapper' mapperInterface
2025-05-19 17:41:19 DEBUG o.m.s.mapper.ClassPathMapperScanner - [Logger.java:49] Creating MapperFactoryBean with name 'memTechnicUpgradingMapper' and 'com.yxbear.sg.domain.mapper.mem.MemTechnicUpgradingMapper' mapperInterface
2025-05-19 17:41:19 DEBUG o.m.s.mapper.ClassPathMapperScanner - [Logger.java:49] Creating MapperFactoryBean with name 'memWorldTileExtMapper' and 'com.yxbear.sg.domain.mapper.mem.MemWorldTileExtMapper' mapperInterface
2025-05-19 17:41:19 DEBUG o.m.s.mapper.ClassPathMapperScanner - [Logger.java:49] Creating MapperFactoryBean with name 'memWorldTileMapper' and 'com.yxbear.sg.domain.mapper.mem.MemWorldTileMapper' mapperInterface
2025-05-19 17:41:19 DEBUG o.m.s.mapper.ClassPathMapperScanner - [Logger.java:49] Creating MapperFactoryBean with name 'sysUserLogMapper' and 'com.yxbear.sg.domain.mapper.sys.SysUserLogMapper' mapperInterface
2025-05-19 17:41:19 DEBUG o.m.s.mapper.ClassPathMapperScanner - [Logger.java:49] Creating MapperFactoryBean with name 'sysUserMapper' and 'com.yxbear.sg.domain.mapper.sys.SysUserMapper' mapperInterface
2025-05-19 17:41:20 INFO  o.s.b.w.s.c.ServletWebServerApplicationContext - [ServletWebServerApplicationContext.java:301] Root WebApplicationContext: initialization completed in 1911 ms
2025-05-19 17:41:24 WARN  o.s.b.w.s.c.AnnotationConfigServletWebServerApplicationContext - [AbstractApplicationContext.java:635] Exception encountered during context initialization - cancelling refresh attempt: org.springframework.beans.factory.UnsatisfiedDependencyException: Error creating bean with name 'frameCfgSvcImpl' defined in file [D:\projects\yxbear.top\yxsg\sg\target\classes\com\yxbear\sg\svc\cfg\impl\FrameCfgSvcImpl.class]: Unsatisfied dependency expressed through constructor parameter 1: Error creating bean with name 'cfgBuildingMapper' defined in file [D:\projects\yxbear.top\yxsg\sg\target\classes\com\yxbear\sg\domain\mapper\cfg\CfgBuildingMapper.class]: Cannot resolve reference to bean 'sqlSessionTemplate' while setting bean property 'sqlSessionTemplate'
2025-05-19 17:41:25 ERROR o.s.b.d.LoggingFailureAnalysisReporter - [LoggingFailureAnalysisReporter.java:40] 

***************************
APPLICATION FAILED TO START
***************************

Description:

Failed to bind properties under 'mybatis.configuration.log-impl' to java.lang.Class<org.apache.ibatis.logging.Log>:

    Property: mybatis.configuration.log-impl
    Value: "org.apache.ibatis.logging.stdout.StdOutImpl #??????????????????."
    Origin: "mybatis.configuration.log-impl" from property source "class path resource [sg.properties]"
    Reason: failed to convert java.lang.String to java.lang.Class<org.apache.ibatis.logging.Log> (caused by java.lang.ClassNotFoundException: org.apache.ibatis.logging.stdout.StdOutImpl #??????????????????.)

Action:

Update your application's configuration

2025-05-19 17:41:29 INFO  com.yxbear.sg.SgAppMain - [StartupInfoLogger.java:53] Starting SgAppMain v1.0.0 using Java 21.0.3 with PID 32780 (D:\projects\yxbear.top\yxsg\sg\target\classes started by Administrator in D:\projects\yxbear.top\yxsg\sg)
2025-05-19 17:41:29 INFO  com.yxbear.sg.SgAppMain - [SpringApplication.java:652] No active profile set, falling back to 1 default profile: "default"
2025-05-19 17:41:30 DEBUG o.m.s.b.a.MybatisAutoConfiguration - [MybatisAutoConfiguration.java:247] Searching for mappers annotated with @Mapper
2025-05-19 17:41:30 DEBUG o.m.s.b.a.MybatisAutoConfiguration - [MybatisAutoConfiguration.java:251] Using auto-configuration base package 'com.yxbear.sg'
2025-05-19 17:41:31 DEBUG o.m.s.mapper.ClassPathMapperScanner - [ClassPathScanningCandidateComponentProvider.java:476] Identified candidate component class: file [D:\projects\yxbear.top\yxsg\sg\target\classes\com\yxbear\sg\domain\mapper\cfg\CfgBuildingConditionMapper.class]
2025-05-19 17:41:31 DEBUG o.m.s.mapper.ClassPathMapperScanner - [ClassPathScanningCandidateComponentProvider.java:476] Identified candidate component class: file [D:\projects\yxbear.top\yxsg\sg\target\classes\com\yxbear\sg\domain\mapper\cfg\CfgBuildingLevelMapper.class]
2025-05-19 17:41:31 DEBUG o.m.s.mapper.ClassPathMapperScanner - [ClassPathScanningCandidateComponentProvider.java:476] Identified candidate component class: file [D:\projects\yxbear.top\yxsg\sg\target\classes\com\yxbear\sg\domain\mapper\cfg\CfgBuildingMapper.class]
2025-05-19 17:41:31 DEBUG o.m.s.mapper.ClassPathMapperScanner - [ClassPathScanningCandidateComponentProvider.java:476] Identified candidate component class: file [D:\projects\yxbear.top\yxsg\sg\target\classes\com\yxbear\sg\domain\mapper\cfg\CfgGoodsMapper.class]
2025-05-19 17:41:31 DEBUG o.m.s.mapper.ClassPathMapperScanner - [ClassPathScanningCandidateComponentProvider.java:476] Identified candidate component class: file [D:\projects\yxbear.top\yxsg\sg\target\classes\com\yxbear\sg\domain\mapper\gi\ext\GiCityExtMapper.class]
2025-05-19 17:41:31 DEBUG o.m.s.mapper.ClassPathMapperScanner - [ClassPathScanningCandidateComponentProvider.java:476] Identified candidate component class: file [D:\projects\yxbear.top\yxsg\sg\target\classes\com\yxbear\sg\domain\mapper\gi\ext\GiCityResourceExtMapper.class]
2025-05-19 17:41:31 DEBUG o.m.s.mapper.ClassPathMapperScanner - [ClassPathScanningCandidateComponentProvider.java:476] Identified candidate component class: file [D:\projects\yxbear.top\yxsg\sg\target\classes\com\yxbear\sg\domain\mapper\gi\GiCityBuildMapper.class]
2025-05-19 17:41:31 DEBUG o.m.s.mapper.ClassPathMapperScanner - [ClassPathScanningCandidateComponentProvider.java:476] Identified candidate component class: file [D:\projects\yxbear.top\yxsg\sg\target\classes\com\yxbear\sg\domain\mapper\gi\GiCityDefenceMapper.class]
2025-05-19 17:41:31 DEBUG o.m.s.mapper.ClassPathMapperScanner - [ClassPathScanningCandidateComponentProvider.java:476] Identified candidate component class: file [D:\projects\yxbear.top\yxsg\sg\target\classes\com\yxbear\sg\domain\mapper\gi\GiCityHeroMapper.class]
2025-05-19 17:41:31 DEBUG o.m.s.mapper.ClassPathMapperScanner - [ClassPathScanningCandidateComponentProvider.java:476] Identified candidate component class: file [D:\projects\yxbear.top\yxsg\sg\target\classes\com\yxbear\sg\domain\mapper\gi\GiCityMapper.class]
2025-05-19 17:41:31 DEBUG o.m.s.mapper.ClassPathMapperScanner - [ClassPathScanningCandidateComponentProvider.java:476] Identified candidate component class: file [D:\projects\yxbear.top\yxsg\sg\target\classes\com\yxbear\sg\domain\mapper\gi\GiCityResourceAddMapper.class]
2025-05-19 17:41:31 DEBUG o.m.s.mapper.ClassPathMapperScanner - [ClassPathScanningCandidateComponentProvider.java:476] Identified candidate component class: file [D:\projects\yxbear.top\yxsg\sg\target\classes\com\yxbear\sg\domain\mapper\gi\GiCityResourceMapper.class]
2025-05-19 17:41:31 DEBUG o.m.s.mapper.ClassPathMapperScanner - [ClassPathScanningCandidateComponentProvider.java:476] Identified candidate component class: file [D:\projects\yxbear.top\yxsg\sg\target\classes\com\yxbear\sg\domain\mapper\gi\GiCitySoldierMapper.class]
2025-05-19 17:41:31 DEBUG o.m.s.mapper.ClassPathMapperScanner - [ClassPathScanningCandidateComponentProvider.java:476] Identified candidate component class: file [D:\projects\yxbear.top\yxsg\sg\target\classes\com\yxbear\sg\domain\mapper\gi\GiGoodsMapper.class]
2025-05-19 17:41:31 DEBUG o.m.s.mapper.ClassPathMapperScanner - [ClassPathScanningCandidateComponentProvider.java:476] Identified candidate component class: file [D:\projects\yxbear.top\yxsg\sg\target\classes\com\yxbear\sg\domain\mapper\gi\GiPlayerMapper.class]
2025-05-19 17:41:31 DEBUG o.m.s.mapper.ClassPathMapperScanner - [ClassPathScanningCandidateComponentProvider.java:476] Identified candidate component class: file [D:\projects\yxbear.top\yxsg\sg\target\classes\com\yxbear\sg\domain\mapper\gi\GiUnionMapper.class]
2025-05-19 17:41:31 DEBUG o.m.s.mapper.ClassPathMapperScanner - [ClassPathScanningCandidateComponentProvider.java:476] Identified candidate component class: file [D:\projects\yxbear.top\yxsg\sg\target\classes\com\yxbear\sg\domain\mapper\mem\MemCityBuildUpgradingMapper.class]
2025-05-19 17:41:31 DEBUG o.m.s.mapper.ClassPathMapperScanner - [ClassPathScanningCandidateComponentProvider.java:476] Identified candidate component class: file [D:\projects\yxbear.top\yxsg\sg\target\classes\com\yxbear\sg\domain\mapper\mem\MemTechnicUpgradingMapper.class]
2025-05-19 17:41:31 DEBUG o.m.s.mapper.ClassPathMapperScanner - [ClassPathScanningCandidateComponentProvider.java:476] Identified candidate component class: file [D:\projects\yxbear.top\yxsg\sg\target\classes\com\yxbear\sg\domain\mapper\mem\MemWorldTileExtMapper.class]
2025-05-19 17:41:31 DEBUG o.m.s.mapper.ClassPathMapperScanner - [ClassPathScanningCandidateComponentProvider.java:476] Identified candidate component class: file [D:\projects\yxbear.top\yxsg\sg\target\classes\com\yxbear\sg\domain\mapper\mem\MemWorldTileMapper.class]
2025-05-19 17:41:31 DEBUG o.m.s.mapper.ClassPathMapperScanner - [ClassPathScanningCandidateComponentProvider.java:476] Identified candidate component class: file [D:\projects\yxbear.top\yxsg\sg\target\classes\com\yxbear\sg\domain\mapper\sys\SysUserLogMapper.class]
2025-05-19 17:41:31 DEBUG o.m.s.mapper.ClassPathMapperScanner - [ClassPathScanningCandidateComponentProvider.java:476] Identified candidate component class: file [D:\projects\yxbear.top\yxsg\sg\target\classes\com\yxbear\sg\domain\mapper\sys\SysUserMapper.class]
2025-05-19 17:41:31 DEBUG o.m.s.mapper.ClassPathMapperScanner - [Logger.java:49] Creating MapperFactoryBean with name 'cfgBuildingConditionMapper' and 'com.yxbear.sg.domain.mapper.cfg.CfgBuildingConditionMapper' mapperInterface
2025-05-19 17:41:31 DEBUG o.m.s.mapper.ClassPathMapperScanner - [Logger.java:49] Creating MapperFactoryBean with name 'cfgBuildingLevelMapper' and 'com.yxbear.sg.domain.mapper.cfg.CfgBuildingLevelMapper' mapperInterface
2025-05-19 17:41:31 DEBUG o.m.s.mapper.ClassPathMapperScanner - [Logger.java:49] Creating MapperFactoryBean with name 'cfgBuildingMapper' and 'com.yxbear.sg.domain.mapper.cfg.CfgBuildingMapper' mapperInterface
2025-05-19 17:41:31 DEBUG o.m.s.mapper.ClassPathMapperScanner - [Logger.java:49] Creating MapperFactoryBean with name 'cfgGoodsMapper' and 'com.yxbear.sg.domain.mapper.cfg.CfgGoodsMapper' mapperInterface
2025-05-19 17:41:31 DEBUG o.m.s.mapper.ClassPathMapperScanner - [Logger.java:49] Creating MapperFactoryBean with name 'giCityExtMapper' and 'com.yxbear.sg.domain.mapper.gi.ext.GiCityExtMapper' mapperInterface
2025-05-19 17:41:31 DEBUG o.m.s.mapper.ClassPathMapperScanner - [Logger.java:49] Creating MapperFactoryBean with name 'giCityResourceExtMapper' and 'com.yxbear.sg.domain.mapper.gi.ext.GiCityResourceExtMapper' mapperInterface
2025-05-19 17:41:31 DEBUG o.m.s.mapper.ClassPathMapperScanner - [Logger.java:49] Creating MapperFactoryBean with name 'giCityBuildMapper' and 'com.yxbear.sg.domain.mapper.gi.GiCityBuildMapper' mapperInterface
2025-05-19 17:41:31 DEBUG o.m.s.mapper.ClassPathMapperScanner - [Logger.java:49] Creating MapperFactoryBean with name 'giCityDefenceMapper' and 'com.yxbear.sg.domain.mapper.gi.GiCityDefenceMapper' mapperInterface
2025-05-19 17:41:31 DEBUG o.m.s.mapper.ClassPathMapperScanner - [Logger.java:49] Creating MapperFactoryBean with name 'giCityHeroMapper' and 'com.yxbear.sg.domain.mapper.gi.GiCityHeroMapper' mapperInterface
2025-05-19 17:41:31 DEBUG o.m.s.mapper.ClassPathMapperScanner - [Logger.java:49] Creating MapperFactoryBean with name 'giCityMapper' and 'com.yxbear.sg.domain.mapper.gi.GiCityMapper' mapperInterface
2025-05-19 17:41:31 DEBUG o.m.s.mapper.ClassPathMapperScanner - [Logger.java:49] Creating MapperFactoryBean with name 'giCityResourceAddMapper' and 'com.yxbear.sg.domain.mapper.gi.GiCityResourceAddMapper' mapperInterface
2025-05-19 17:41:31 DEBUG o.m.s.mapper.ClassPathMapperScanner - [Logger.java:49] Creating MapperFactoryBean with name 'giCityResourceMapper' and 'com.yxbear.sg.domain.mapper.gi.GiCityResourceMapper' mapperInterface
2025-05-19 17:41:31 DEBUG o.m.s.mapper.ClassPathMapperScanner - [Logger.java:49] Creating MapperFactoryBean with name 'giCitySoldierMapper' and 'com.yxbear.sg.domain.mapper.gi.GiCitySoldierMapper' mapperInterface
2025-05-19 17:41:31 DEBUG o.m.s.mapper.ClassPathMapperScanner - [Logger.java:49] Creating MapperFactoryBean with name 'giGoodsMapper' and 'com.yxbear.sg.domain.mapper.gi.GiGoodsMapper' mapperInterface
2025-05-19 17:41:31 DEBUG o.m.s.mapper.ClassPathMapperScanner - [Logger.java:49] Creating MapperFactoryBean with name 'giPlayerMapper' and 'com.yxbear.sg.domain.mapper.gi.GiPlayerMapper' mapperInterface
2025-05-19 17:41:31 DEBUG o.m.s.mapper.ClassPathMapperScanner - [Logger.java:49] Creating MapperFactoryBean with name 'giUnionMapper' and 'com.yxbear.sg.domain.mapper.gi.GiUnionMapper' mapperInterface
2025-05-19 17:41:31 DEBUG o.m.s.mapper.ClassPathMapperScanner - [Logger.java:49] Creating MapperFactoryBean with name 'memCityBuildUpgradingMapper' and 'com.yxbear.sg.domain.mapper.mem.MemCityBuildUpgradingMapper' mapperInterface
2025-05-19 17:41:31 DEBUG o.m.s.mapper.ClassPathMapperScanner - [Logger.java:49] Creating MapperFactoryBean with name 'memTechnicUpgradingMapper' and 'com.yxbear.sg.domain.mapper.mem.MemTechnicUpgradingMapper' mapperInterface
2025-05-19 17:41:31 DEBUG o.m.s.mapper.ClassPathMapperScanner - [Logger.java:49] Creating MapperFactoryBean with name 'memWorldTileExtMapper' and 'com.yxbear.sg.domain.mapper.mem.MemWorldTileExtMapper' mapperInterface
2025-05-19 17:41:31 DEBUG o.m.s.mapper.ClassPathMapperScanner - [Logger.java:49] Creating MapperFactoryBean with name 'memWorldTileMapper' and 'com.yxbear.sg.domain.mapper.mem.MemWorldTileMapper' mapperInterface
2025-05-19 17:41:31 DEBUG o.m.s.mapper.ClassPathMapperScanner - [Logger.java:49] Creating MapperFactoryBean with name 'sysUserLogMapper' and 'com.yxbear.sg.domain.mapper.sys.SysUserLogMapper' mapperInterface
2025-05-19 17:41:31 DEBUG o.m.s.mapper.ClassPathMapperScanner - [Logger.java:49] Creating MapperFactoryBean with name 'sysUserMapper' and 'com.yxbear.sg.domain.mapper.sys.SysUserMapper' mapperInterface
2025-05-19 17:41:31 INFO  o.s.b.w.s.c.ServletWebServerApplicationContext - [ServletWebServerApplicationContext.java:301] Root WebApplicationContext: initialization completed in 1842 ms
2025-05-19 17:41:36 DEBUG o.m.spring.SqlSessionFactoryBean - [Logger.java:49] Property 'mapperLocations' was not specified.
2025-05-19 17:41:37 INFO  c.yxbear.core.coder.CoderController - [CoderController.java:43] 代码生成器加载成功!========================>
2025-05-19 17:41:37 DEBUG o.m.s.b.a.MybatisAutoConfiguration - [MybatisAutoConfiguration.java:319] Not found configuration for registering mapper bean using @MapperScan, MapperFactoryBean and MapperScannerConfigurer.
2025-05-19 17:41:38 INFO  com.yxbear.sg.SgAppMain - [StartupInfoLogger.java:59] Started SgAppMain in 9.348 seconds (process running for 9.905)
2025-05-19 17:42:25 INFO  com.yxbear.sg.SgAppMain - [StartupInfoLogger.java:53] Starting SgAppMain v1.0.0 using Java 21.0.3 with PID 9832 (D:\projects\yxbear.top\yxsg\sg\target\classes started by Administrator in D:\projects\yxbear.top\yxsg\sg)
2025-05-19 17:42:25 INFO  com.yxbear.sg.SgAppMain - [SpringApplication.java:652] No active profile set, falling back to 1 default profile: "default"
2025-05-19 17:42:26 DEBUG o.m.s.b.a.MybatisAutoConfiguration - [MybatisAutoConfiguration.java:247] Searching for mappers annotated with @Mapper
2025-05-19 17:42:26 DEBUG o.m.s.b.a.MybatisAutoConfiguration - [MybatisAutoConfiguration.java:251] Using auto-configuration base package 'com.yxbear.sg'
2025-05-19 17:42:26 DEBUG o.m.s.mapper.ClassPathMapperScanner - [ClassPathScanningCandidateComponentProvider.java:476] Identified candidate component class: file [D:\projects\yxbear.top\yxsg\sg\target\classes\com\yxbear\sg\domain\mapper\cfg\CfgBuildingConditionMapper.class]
2025-05-19 17:42:26 DEBUG o.m.s.mapper.ClassPathMapperScanner - [ClassPathScanningCandidateComponentProvider.java:476] Identified candidate component class: file [D:\projects\yxbear.top\yxsg\sg\target\classes\com\yxbear\sg\domain\mapper\cfg\CfgBuildingLevelMapper.class]
2025-05-19 17:42:26 DEBUG o.m.s.mapper.ClassPathMapperScanner - [ClassPathScanningCandidateComponentProvider.java:476] Identified candidate component class: file [D:\projects\yxbear.top\yxsg\sg\target\classes\com\yxbear\sg\domain\mapper\cfg\CfgBuildingMapper.class]
2025-05-19 17:42:26 DEBUG o.m.s.mapper.ClassPathMapperScanner - [ClassPathScanningCandidateComponentProvider.java:476] Identified candidate component class: file [D:\projects\yxbear.top\yxsg\sg\target\classes\com\yxbear\sg\domain\mapper\cfg\CfgGoodsMapper.class]
2025-05-19 17:42:26 DEBUG o.m.s.mapper.ClassPathMapperScanner - [ClassPathScanningCandidateComponentProvider.java:476] Identified candidate component class: file [D:\projects\yxbear.top\yxsg\sg\target\classes\com\yxbear\sg\domain\mapper\gi\ext\GiCityExtMapper.class]
2025-05-19 17:42:26 DEBUG o.m.s.mapper.ClassPathMapperScanner - [ClassPathScanningCandidateComponentProvider.java:476] Identified candidate component class: file [D:\projects\yxbear.top\yxsg\sg\target\classes\com\yxbear\sg\domain\mapper\gi\ext\GiCityResourceExtMapper.class]
2025-05-19 17:42:26 DEBUG o.m.s.mapper.ClassPathMapperScanner - [ClassPathScanningCandidateComponentProvider.java:476] Identified candidate component class: file [D:\projects\yxbear.top\yxsg\sg\target\classes\com\yxbear\sg\domain\mapper\gi\GiCityBuildMapper.class]
2025-05-19 17:42:26 DEBUG o.m.s.mapper.ClassPathMapperScanner - [ClassPathScanningCandidateComponentProvider.java:476] Identified candidate component class: file [D:\projects\yxbear.top\yxsg\sg\target\classes\com\yxbear\sg\domain\mapper\gi\GiCityDefenceMapper.class]
2025-05-19 17:42:26 DEBUG o.m.s.mapper.ClassPathMapperScanner - [ClassPathScanningCandidateComponentProvider.java:476] Identified candidate component class: file [D:\projects\yxbear.top\yxsg\sg\target\classes\com\yxbear\sg\domain\mapper\gi\GiCityHeroMapper.class]
2025-05-19 17:42:26 DEBUG o.m.s.mapper.ClassPathMapperScanner - [ClassPathScanningCandidateComponentProvider.java:476] Identified candidate component class: file [D:\projects\yxbear.top\yxsg\sg\target\classes\com\yxbear\sg\domain\mapper\gi\GiCityMapper.class]
2025-05-19 17:42:26 DEBUG o.m.s.mapper.ClassPathMapperScanner - [ClassPathScanningCandidateComponentProvider.java:476] Identified candidate component class: file [D:\projects\yxbear.top\yxsg\sg\target\classes\com\yxbear\sg\domain\mapper\gi\GiCityResourceAddMapper.class]
2025-05-19 17:42:26 DEBUG o.m.s.mapper.ClassPathMapperScanner - [ClassPathScanningCandidateComponentProvider.java:476] Identified candidate component class: file [D:\projects\yxbear.top\yxsg\sg\target\classes\com\yxbear\sg\domain\mapper\gi\GiCityResourceMapper.class]
2025-05-19 17:42:26 DEBUG o.m.s.mapper.ClassPathMapperScanner - [ClassPathScanningCandidateComponentProvider.java:476] Identified candidate component class: file [D:\projects\yxbear.top\yxsg\sg\target\classes\com\yxbear\sg\domain\mapper\gi\GiCitySoldierMapper.class]
2025-05-19 17:42:26 DEBUG o.m.s.mapper.ClassPathMapperScanner - [ClassPathScanningCandidateComponentProvider.java:476] Identified candidate component class: file [D:\projects\yxbear.top\yxsg\sg\target\classes\com\yxbear\sg\domain\mapper\gi\GiGoodsMapper.class]
2025-05-19 17:42:26 DEBUG o.m.s.mapper.ClassPathMapperScanner - [ClassPathScanningCandidateComponentProvider.java:476] Identified candidate component class: file [D:\projects\yxbear.top\yxsg\sg\target\classes\com\yxbear\sg\domain\mapper\gi\GiPlayerMapper.class]
2025-05-19 17:42:26 DEBUG o.m.s.mapper.ClassPathMapperScanner - [ClassPathScanningCandidateComponentProvider.java:476] Identified candidate component class: file [D:\projects\yxbear.top\yxsg\sg\target\classes\com\yxbear\sg\domain\mapper\gi\GiUnionMapper.class]
2025-05-19 17:42:26 DEBUG o.m.s.mapper.ClassPathMapperScanner - [ClassPathScanningCandidateComponentProvider.java:476] Identified candidate component class: file [D:\projects\yxbear.top\yxsg\sg\target\classes\com\yxbear\sg\domain\mapper\mem\MemCityBuildUpgradingMapper.class]
2025-05-19 17:42:26 DEBUG o.m.s.mapper.ClassPathMapperScanner - [ClassPathScanningCandidateComponentProvider.java:476] Identified candidate component class: file [D:\projects\yxbear.top\yxsg\sg\target\classes\com\yxbear\sg\domain\mapper\mem\MemTechnicUpgradingMapper.class]
2025-05-19 17:42:26 DEBUG o.m.s.mapper.ClassPathMapperScanner - [ClassPathScanningCandidateComponentProvider.java:476] Identified candidate component class: file [D:\projects\yxbear.top\yxsg\sg\target\classes\com\yxbear\sg\domain\mapper\mem\MemWorldTileExtMapper.class]
2025-05-19 17:42:26 DEBUG o.m.s.mapper.ClassPathMapperScanner - [ClassPathScanningCandidateComponentProvider.java:476] Identified candidate component class: file [D:\projects\yxbear.top\yxsg\sg\target\classes\com\yxbear\sg\domain\mapper\mem\MemWorldTileMapper.class]
2025-05-19 17:42:26 DEBUG o.m.s.mapper.ClassPathMapperScanner - [ClassPathScanningCandidateComponentProvider.java:476] Identified candidate component class: file [D:\projects\yxbear.top\yxsg\sg\target\classes\com\yxbear\sg\domain\mapper\sys\SysUserLogMapper.class]
2025-05-19 17:42:26 DEBUG o.m.s.mapper.ClassPathMapperScanner - [ClassPathScanningCandidateComponentProvider.java:476] Identified candidate component class: file [D:\projects\yxbear.top\yxsg\sg\target\classes\com\yxbear\sg\domain\mapper\sys\SysUserMapper.class]
2025-05-19 17:42:26 DEBUG o.m.s.mapper.ClassPathMapperScanner - [Logger.java:49] Creating MapperFactoryBean with name 'cfgBuildingConditionMapper' and 'com.yxbear.sg.domain.mapper.cfg.CfgBuildingConditionMapper' mapperInterface
2025-05-19 17:42:26 DEBUG o.m.s.mapper.ClassPathMapperScanner - [Logger.java:49] Creating MapperFactoryBean with name 'cfgBuildingLevelMapper' and 'com.yxbear.sg.domain.mapper.cfg.CfgBuildingLevelMapper' mapperInterface
2025-05-19 17:42:26 DEBUG o.m.s.mapper.ClassPathMapperScanner - [Logger.java:49] Creating MapperFactoryBean with name 'cfgBuildingMapper' and 'com.yxbear.sg.domain.mapper.cfg.CfgBuildingMapper' mapperInterface
2025-05-19 17:42:26 DEBUG o.m.s.mapper.ClassPathMapperScanner - [Logger.java:49] Creating MapperFactoryBean with name 'cfgGoodsMapper' and 'com.yxbear.sg.domain.mapper.cfg.CfgGoodsMapper' mapperInterface
2025-05-19 17:42:26 DEBUG o.m.s.mapper.ClassPathMapperScanner - [Logger.java:49] Creating MapperFactoryBean with name 'giCityExtMapper' and 'com.yxbear.sg.domain.mapper.gi.ext.GiCityExtMapper' mapperInterface
2025-05-19 17:42:26 DEBUG o.m.s.mapper.ClassPathMapperScanner - [Logger.java:49] Creating MapperFactoryBean with name 'giCityResourceExtMapper' and 'com.yxbear.sg.domain.mapper.gi.ext.GiCityResourceExtMapper' mapperInterface
2025-05-19 17:42:26 DEBUG o.m.s.mapper.ClassPathMapperScanner - [Logger.java:49] Creating MapperFactoryBean with name 'giCityBuildMapper' and 'com.yxbear.sg.domain.mapper.gi.GiCityBuildMapper' mapperInterface
2025-05-19 17:42:26 DEBUG o.m.s.mapper.ClassPathMapperScanner - [Logger.java:49] Creating MapperFactoryBean with name 'giCityDefenceMapper' and 'com.yxbear.sg.domain.mapper.gi.GiCityDefenceMapper' mapperInterface
2025-05-19 17:42:26 DEBUG o.m.s.mapper.ClassPathMapperScanner - [Logger.java:49] Creating MapperFactoryBean with name 'giCityHeroMapper' and 'com.yxbear.sg.domain.mapper.gi.GiCityHeroMapper' mapperInterface
2025-05-19 17:42:26 DEBUG o.m.s.mapper.ClassPathMapperScanner - [Logger.java:49] Creating MapperFactoryBean with name 'giCityMapper' and 'com.yxbear.sg.domain.mapper.gi.GiCityMapper' mapperInterface
2025-05-19 17:42:26 DEBUG o.m.s.mapper.ClassPathMapperScanner - [Logger.java:49] Creating MapperFactoryBean with name 'giCityResourceAddMapper' and 'com.yxbear.sg.domain.mapper.gi.GiCityResourceAddMapper' mapperInterface
2025-05-19 17:42:26 DEBUG o.m.s.mapper.ClassPathMapperScanner - [Logger.java:49] Creating MapperFactoryBean with name 'giCityResourceMapper' and 'com.yxbear.sg.domain.mapper.gi.GiCityResourceMapper' mapperInterface
2025-05-19 17:42:26 DEBUG o.m.s.mapper.ClassPathMapperScanner - [Logger.java:49] Creating MapperFactoryBean with name 'giCitySoldierMapper' and 'com.yxbear.sg.domain.mapper.gi.GiCitySoldierMapper' mapperInterface
2025-05-19 17:42:26 DEBUG o.m.s.mapper.ClassPathMapperScanner - [Logger.java:49] Creating MapperFactoryBean with name 'giGoodsMapper' and 'com.yxbear.sg.domain.mapper.gi.GiGoodsMapper' mapperInterface
2025-05-19 17:42:26 DEBUG o.m.s.mapper.ClassPathMapperScanner - [Logger.java:49] Creating MapperFactoryBean with name 'giPlayerMapper' and 'com.yxbear.sg.domain.mapper.gi.GiPlayerMapper' mapperInterface
2025-05-19 17:42:26 DEBUG o.m.s.mapper.ClassPathMapperScanner - [Logger.java:49] Creating MapperFactoryBean with name 'giUnionMapper' and 'com.yxbear.sg.domain.mapper.gi.GiUnionMapper' mapperInterface
2025-05-19 17:42:26 DEBUG o.m.s.mapper.ClassPathMapperScanner - [Logger.java:49] Creating MapperFactoryBean with name 'memCityBuildUpgradingMapper' and 'com.yxbear.sg.domain.mapper.mem.MemCityBuildUpgradingMapper' mapperInterface
2025-05-19 17:42:26 DEBUG o.m.s.mapper.ClassPathMapperScanner - [Logger.java:49] Creating MapperFactoryBean with name 'memTechnicUpgradingMapper' and 'com.yxbear.sg.domain.mapper.mem.MemTechnicUpgradingMapper' mapperInterface
2025-05-19 17:42:26 DEBUG o.m.s.mapper.ClassPathMapperScanner - [Logger.java:49] Creating MapperFactoryBean with name 'memWorldTileExtMapper' and 'com.yxbear.sg.domain.mapper.mem.MemWorldTileExtMapper' mapperInterface
2025-05-19 17:42:26 DEBUG o.m.s.mapper.ClassPathMapperScanner - [Logger.java:49] Creating MapperFactoryBean with name 'memWorldTileMapper' and 'com.yxbear.sg.domain.mapper.mem.MemWorldTileMapper' mapperInterface
2025-05-19 17:42:26 DEBUG o.m.s.mapper.ClassPathMapperScanner - [Logger.java:49] Creating MapperFactoryBean with name 'sysUserLogMapper' and 'com.yxbear.sg.domain.mapper.sys.SysUserLogMapper' mapperInterface
2025-05-19 17:42:26 DEBUG o.m.s.mapper.ClassPathMapperScanner - [Logger.java:49] Creating MapperFactoryBean with name 'sysUserMapper' and 'com.yxbear.sg.domain.mapper.sys.SysUserMapper' mapperInterface
2025-05-19 17:42:27 INFO  o.s.b.w.s.c.ServletWebServerApplicationContext - [ServletWebServerApplicationContext.java:301] Root WebApplicationContext: initialization completed in 1905 ms
2025-05-19 17:42:31 DEBUG o.m.spring.SqlSessionFactoryBean - [Logger.java:49] Property 'mapperLocations' was not specified.
2025-05-19 17:42:32 INFO  c.yxbear.core.coder.CoderController - [CoderController.java:43] 代码生成器加载成功!========================>
2025-05-19 17:42:32 DEBUG o.m.s.b.a.MybatisAutoConfiguration - [MybatisAutoConfiguration.java:319] Not found configuration for registering mapper bean using @MapperScan, MapperFactoryBean and MapperScannerConfigurer.
2025-05-19 17:42:33 INFO  com.yxbear.sg.SgAppMain - [StartupInfoLogger.java:59] Started SgAppMain in 8.995 seconds (process running for 9.577)
2025-05-19 17:43:53 INFO  com.yxbear.sg.SgAppMain - [StartupInfoLogger.java:53] Starting SgAppMain v1.0.0 using Java 21.0.3 with PID 25292 (D:\projects\yxbear.top\yxsg\sg\target\classes started by Administrator in D:\projects\yxbear.top\yxsg\sg)
2025-05-19 17:43:53 INFO  com.yxbear.sg.SgAppMain - [SpringApplication.java:652] No active profile set, falling back to 1 default profile: "default"
2025-05-19 17:43:54 DEBUG o.m.s.b.a.MybatisAutoConfiguration - [MybatisAutoConfiguration.java:247] Searching for mappers annotated with @Mapper
2025-05-19 17:43:54 DEBUG o.m.s.b.a.MybatisAutoConfiguration - [MybatisAutoConfiguration.java:251] Using auto-configuration base package 'com.yxbear.sg'
2025-05-19 17:43:54 DEBUG o.m.s.mapper.ClassPathMapperScanner - [ClassPathScanningCandidateComponentProvider.java:476] Identified candidate component class: file [D:\projects\yxbear.top\yxsg\sg\target\classes\com\yxbear\sg\domain\mapper\cfg\CfgBuildingConditionMapper.class]
2025-05-19 17:43:54 DEBUG o.m.s.mapper.ClassPathMapperScanner - [ClassPathScanningCandidateComponentProvider.java:476] Identified candidate component class: file [D:\projects\yxbear.top\yxsg\sg\target\classes\com\yxbear\sg\domain\mapper\cfg\CfgBuildingLevelMapper.class]
2025-05-19 17:43:54 DEBUG o.m.s.mapper.ClassPathMapperScanner - [ClassPathScanningCandidateComponentProvider.java:476] Identified candidate component class: file [D:\projects\yxbear.top\yxsg\sg\target\classes\com\yxbear\sg\domain\mapper\cfg\CfgBuildingMapper.class]
2025-05-19 17:43:54 DEBUG o.m.s.mapper.ClassPathMapperScanner - [ClassPathScanningCandidateComponentProvider.java:476] Identified candidate component class: file [D:\projects\yxbear.top\yxsg\sg\target\classes\com\yxbear\sg\domain\mapper\cfg\CfgGoodsMapper.class]
2025-05-19 17:43:54 DEBUG o.m.s.mapper.ClassPathMapperScanner - [ClassPathScanningCandidateComponentProvider.java:476] Identified candidate component class: file [D:\projects\yxbear.top\yxsg\sg\target\classes\com\yxbear\sg\domain\mapper\gi\ext\GiCityExtMapper.class]
2025-05-19 17:43:54 DEBUG o.m.s.mapper.ClassPathMapperScanner - [ClassPathScanningCandidateComponentProvider.java:476] Identified candidate component class: file [D:\projects\yxbear.top\yxsg\sg\target\classes\com\yxbear\sg\domain\mapper\gi\ext\GiCityResourceExtMapper.class]
2025-05-19 17:43:54 DEBUG o.m.s.mapper.ClassPathMapperScanner - [ClassPathScanningCandidateComponentProvider.java:476] Identified candidate component class: file [D:\projects\yxbear.top\yxsg\sg\target\classes\com\yxbear\sg\domain\mapper\gi\GiCityBuildMapper.class]
2025-05-19 17:43:54 DEBUG o.m.s.mapper.ClassPathMapperScanner - [ClassPathScanningCandidateComponentProvider.java:476] Identified candidate component class: file [D:\projects\yxbear.top\yxsg\sg\target\classes\com\yxbear\sg\domain\mapper\gi\GiCityDefenceMapper.class]
2025-05-19 17:43:54 DEBUG o.m.s.mapper.ClassPathMapperScanner - [ClassPathScanningCandidateComponentProvider.java:476] Identified candidate component class: file [D:\projects\yxbear.top\yxsg\sg\target\classes\com\yxbear\sg\domain\mapper\gi\GiCityHeroMapper.class]
2025-05-19 17:43:54 DEBUG o.m.s.mapper.ClassPathMapperScanner - [ClassPathScanningCandidateComponentProvider.java:476] Identified candidate component class: file [D:\projects\yxbear.top\yxsg\sg\target\classes\com\yxbear\sg\domain\mapper\gi\GiCityMapper.class]
2025-05-19 17:43:54 DEBUG o.m.s.mapper.ClassPathMapperScanner - [ClassPathScanningCandidateComponentProvider.java:476] Identified candidate component class: file [D:\projects\yxbear.top\yxsg\sg\target\classes\com\yxbear\sg\domain\mapper\gi\GiCityResourceAddMapper.class]
2025-05-19 17:43:54 DEBUG o.m.s.mapper.ClassPathMapperScanner - [ClassPathScanningCandidateComponentProvider.java:476] Identified candidate component class: file [D:\projects\yxbear.top\yxsg\sg\target\classes\com\yxbear\sg\domain\mapper\gi\GiCityResourceMapper.class]
2025-05-19 17:43:54 DEBUG o.m.s.mapper.ClassPathMapperScanner - [ClassPathScanningCandidateComponentProvider.java:476] Identified candidate component class: file [D:\projects\yxbear.top\yxsg\sg\target\classes\com\yxbear\sg\domain\mapper\gi\GiCitySoldierMapper.class]
2025-05-19 17:43:54 DEBUG o.m.s.mapper.ClassPathMapperScanner - [ClassPathScanningCandidateComponentProvider.java:476] Identified candidate component class: file [D:\projects\yxbear.top\yxsg\sg\target\classes\com\yxbear\sg\domain\mapper\gi\GiGoodsMapper.class]
2025-05-19 17:43:54 DEBUG o.m.s.mapper.ClassPathMapperScanner - [ClassPathScanningCandidateComponentProvider.java:476] Identified candidate component class: file [D:\projects\yxbear.top\yxsg\sg\target\classes\com\yxbear\sg\domain\mapper\gi\GiPlayerMapper.class]
2025-05-19 17:43:54 DEBUG o.m.s.mapper.ClassPathMapperScanner - [ClassPathScanningCandidateComponentProvider.java:476] Identified candidate component class: file [D:\projects\yxbear.top\yxsg\sg\target\classes\com\yxbear\sg\domain\mapper\gi\GiUnionMapper.class]
2025-05-19 17:43:54 DEBUG o.m.s.mapper.ClassPathMapperScanner - [ClassPathScanningCandidateComponentProvider.java:476] Identified candidate component class: file [D:\projects\yxbear.top\yxsg\sg\target\classes\com\yxbear\sg\domain\mapper\mem\MemCityBuildUpgradingMapper.class]
2025-05-19 17:43:54 DEBUG o.m.s.mapper.ClassPathMapperScanner - [ClassPathScanningCandidateComponentProvider.java:476] Identified candidate component class: file [D:\projects\yxbear.top\yxsg\sg\target\classes\com\yxbear\sg\domain\mapper\mem\MemTechnicUpgradingMapper.class]
2025-05-19 17:43:54 DEBUG o.m.s.mapper.ClassPathMapperScanner - [ClassPathScanningCandidateComponentProvider.java:476] Identified candidate component class: file [D:\projects\yxbear.top\yxsg\sg\target\classes\com\yxbear\sg\domain\mapper\mem\MemWorldTileExtMapper.class]
2025-05-19 17:43:54 DEBUG o.m.s.mapper.ClassPathMapperScanner - [ClassPathScanningCandidateComponentProvider.java:476] Identified candidate component class: file [D:\projects\yxbear.top\yxsg\sg\target\classes\com\yxbear\sg\domain\mapper\mem\MemWorldTileMapper.class]
2025-05-19 17:43:54 DEBUG o.m.s.mapper.ClassPathMapperScanner - [ClassPathScanningCandidateComponentProvider.java:476] Identified candidate component class: file [D:\projects\yxbear.top\yxsg\sg\target\classes\com\yxbear\sg\domain\mapper\sys\SysUserLogMapper.class]
2025-05-19 17:43:54 DEBUG o.m.s.mapper.ClassPathMapperScanner - [ClassPathScanningCandidateComponentProvider.java:476] Identified candidate component class: file [D:\projects\yxbear.top\yxsg\sg\target\classes\com\yxbear\sg\domain\mapper\sys\SysUserMapper.class]
2025-05-19 17:43:54 DEBUG o.m.s.mapper.ClassPathMapperScanner - [Logger.java:49] Creating MapperFactoryBean with name 'cfgBuildingConditionMapper' and 'com.yxbear.sg.domain.mapper.cfg.CfgBuildingConditionMapper' mapperInterface
2025-05-19 17:43:54 DEBUG o.m.s.mapper.ClassPathMapperScanner - [Logger.java:49] Creating MapperFactoryBean with name 'cfgBuildingLevelMapper' and 'com.yxbear.sg.domain.mapper.cfg.CfgBuildingLevelMapper' mapperInterface
2025-05-19 17:43:54 DEBUG o.m.s.mapper.ClassPathMapperScanner - [Logger.java:49] Creating MapperFactoryBean with name 'cfgBuildingMapper' and 'com.yxbear.sg.domain.mapper.cfg.CfgBuildingMapper' mapperInterface
2025-05-19 17:43:54 DEBUG o.m.s.mapper.ClassPathMapperScanner - [Logger.java:49] Creating MapperFactoryBean with name 'cfgGoodsMapper' and 'com.yxbear.sg.domain.mapper.cfg.CfgGoodsMapper' mapperInterface
2025-05-19 17:43:54 DEBUG o.m.s.mapper.ClassPathMapperScanner - [Logger.java:49] Creating MapperFactoryBean with name 'giCityExtMapper' and 'com.yxbear.sg.domain.mapper.gi.ext.GiCityExtMapper' mapperInterface
2025-05-19 17:43:54 DEBUG o.m.s.mapper.ClassPathMapperScanner - [Logger.java:49] Creating MapperFactoryBean with name 'giCityResourceExtMapper' and 'com.yxbear.sg.domain.mapper.gi.ext.GiCityResourceExtMapper' mapperInterface
2025-05-19 17:43:54 DEBUG o.m.s.mapper.ClassPathMapperScanner - [Logger.java:49] Creating MapperFactoryBean with name 'giCityBuildMapper' and 'com.yxbear.sg.domain.mapper.gi.GiCityBuildMapper' mapperInterface
2025-05-19 17:43:54 DEBUG o.m.s.mapper.ClassPathMapperScanner - [Logger.java:49] Creating MapperFactoryBean with name 'giCityDefenceMapper' and 'com.yxbear.sg.domain.mapper.gi.GiCityDefenceMapper' mapperInterface
2025-05-19 17:43:54 DEBUG o.m.s.mapper.ClassPathMapperScanner - [Logger.java:49] Creating MapperFactoryBean with name 'giCityHeroMapper' and 'com.yxbear.sg.domain.mapper.gi.GiCityHeroMapper' mapperInterface
2025-05-19 17:43:54 DEBUG o.m.s.mapper.ClassPathMapperScanner - [Logger.java:49] Creating MapperFactoryBean with name 'giCityMapper' and 'com.yxbear.sg.domain.mapper.gi.GiCityMapper' mapperInterface
2025-05-19 17:43:54 DEBUG o.m.s.mapper.ClassPathMapperScanner - [Logger.java:49] Creating MapperFactoryBean with name 'giCityResourceAddMapper' and 'com.yxbear.sg.domain.mapper.gi.GiCityResourceAddMapper' mapperInterface
2025-05-19 17:43:54 DEBUG o.m.s.mapper.ClassPathMapperScanner - [Logger.java:49] Creating MapperFactoryBean with name 'giCityResourceMapper' and 'com.yxbear.sg.domain.mapper.gi.GiCityResourceMapper' mapperInterface
2025-05-19 17:43:54 DEBUG o.m.s.mapper.ClassPathMapperScanner - [Logger.java:49] Creating MapperFactoryBean with name 'giCitySoldierMapper' and 'com.yxbear.sg.domain.mapper.gi.GiCitySoldierMapper' mapperInterface
2025-05-19 17:43:54 DEBUG o.m.s.mapper.ClassPathMapperScanner - [Logger.java:49] Creating MapperFactoryBean with name 'giGoodsMapper' and 'com.yxbear.sg.domain.mapper.gi.GiGoodsMapper' mapperInterface
2025-05-19 17:43:54 DEBUG o.m.s.mapper.ClassPathMapperScanner - [Logger.java:49] Creating MapperFactoryBean with name 'giPlayerMapper' and 'com.yxbear.sg.domain.mapper.gi.GiPlayerMapper' mapperInterface
2025-05-19 17:43:54 DEBUG o.m.s.mapper.ClassPathMapperScanner - [Logger.java:49] Creating MapperFactoryBean with name 'giUnionMapper' and 'com.yxbear.sg.domain.mapper.gi.GiUnionMapper' mapperInterface
2025-05-19 17:43:54 DEBUG o.m.s.mapper.ClassPathMapperScanner - [Logger.java:49] Creating MapperFactoryBean with name 'memCityBuildUpgradingMapper' and 'com.yxbear.sg.domain.mapper.mem.MemCityBuildUpgradingMapper' mapperInterface
2025-05-19 17:43:54 DEBUG o.m.s.mapper.ClassPathMapperScanner - [Logger.java:49] Creating MapperFactoryBean with name 'memTechnicUpgradingMapper' and 'com.yxbear.sg.domain.mapper.mem.MemTechnicUpgradingMapper' mapperInterface
2025-05-19 17:43:54 DEBUG o.m.s.mapper.ClassPathMapperScanner - [Logger.java:49] Creating MapperFactoryBean with name 'memWorldTileExtMapper' and 'com.yxbear.sg.domain.mapper.mem.MemWorldTileExtMapper' mapperInterface
2025-05-19 17:43:54 DEBUG o.m.s.mapper.ClassPathMapperScanner - [Logger.java:49] Creating MapperFactoryBean with name 'memWorldTileMapper' and 'com.yxbear.sg.domain.mapper.mem.MemWorldTileMapper' mapperInterface
2025-05-19 17:43:54 DEBUG o.m.s.mapper.ClassPathMapperScanner - [Logger.java:49] Creating MapperFactoryBean with name 'sysUserLogMapper' and 'com.yxbear.sg.domain.mapper.sys.SysUserLogMapper' mapperInterface
2025-05-19 17:43:54 DEBUG o.m.s.mapper.ClassPathMapperScanner - [Logger.java:49] Creating MapperFactoryBean with name 'sysUserMapper' and 'com.yxbear.sg.domain.mapper.sys.SysUserMapper' mapperInterface
2025-05-19 17:43:55 INFO  o.s.b.w.s.c.ServletWebServerApplicationContext - [ServletWebServerApplicationContext.java:301] Root WebApplicationContext: initialization completed in 1914 ms
2025-05-19 17:43:59 DEBUG o.m.spring.SqlSessionFactoryBean - [Logger.java:49] Property 'mapperLocations' was not specified.
2025-05-19 17:44:00 INFO  c.yxbear.core.coder.CoderController - [CoderController.java:43] 代码生成器加载成功!========================>
2025-05-19 17:44:00 DEBUG o.m.s.b.a.MybatisAutoConfiguration - [MybatisAutoConfiguration.java:319] Not found configuration for registering mapper bean using @MapperScan, MapperFactoryBean and MapperScannerConfigurer.
2025-05-19 17:44:01 INFO  com.yxbear.sg.SgAppMain - [StartupInfoLogger.java:59] Started SgAppMain in 9.233 seconds (process running for 9.781)
2025-05-19 17:45:04 INFO  com.yxbear.sg.SgAppMain - [StartupInfoLogger.java:53] Starting SgAppMain v1.0.0 using Java 21.0.3 with PID 16908 (D:\projects\yxbear.top\yxsg\sg\target\classes started by Administrator in D:\projects\yxbear.top\yxsg\sg)
2025-05-19 17:45:04 INFO  com.yxbear.sg.SgAppMain - [SpringApplication.java:652] No active profile set, falling back to 1 default profile: "default"
2025-05-19 17:45:05 DEBUG o.m.s.b.a.MybatisAutoConfiguration - [MybatisAutoConfiguration.java:247] Searching for mappers annotated with @Mapper
2025-05-19 17:45:05 DEBUG o.m.s.b.a.MybatisAutoConfiguration - [MybatisAutoConfiguration.java:251] Using auto-configuration base package 'com.yxbear.sg'
2025-05-19 17:45:05 DEBUG o.m.s.mapper.ClassPathMapperScanner - [ClassPathScanningCandidateComponentProvider.java:476] Identified candidate component class: file [D:\projects\yxbear.top\yxsg\sg\target\classes\com\yxbear\sg\domain\mapper\cfg\CfgBuildingConditionMapper.class]
2025-05-19 17:45:05 DEBUG o.m.s.mapper.ClassPathMapperScanner - [ClassPathScanningCandidateComponentProvider.java:476] Identified candidate component class: file [D:\projects\yxbear.top\yxsg\sg\target\classes\com\yxbear\sg\domain\mapper\cfg\CfgBuildingLevelMapper.class]
2025-05-19 17:45:05 DEBUG o.m.s.mapper.ClassPathMapperScanner - [ClassPathScanningCandidateComponentProvider.java:476] Identified candidate component class: file [D:\projects\yxbear.top\yxsg\sg\target\classes\com\yxbear\sg\domain\mapper\cfg\CfgBuildingMapper.class]
2025-05-19 17:45:05 DEBUG o.m.s.mapper.ClassPathMapperScanner - [ClassPathScanningCandidateComponentProvider.java:476] Identified candidate component class: file [D:\projects\yxbear.top\yxsg\sg\target\classes\com\yxbear\sg\domain\mapper\cfg\CfgGoodsMapper.class]
2025-05-19 17:45:05 DEBUG o.m.s.mapper.ClassPathMapperScanner - [ClassPathScanningCandidateComponentProvider.java:476] Identified candidate component class: file [D:\projects\yxbear.top\yxsg\sg\target\classes\com\yxbear\sg\domain\mapper\gi\ext\GiCityExtMapper.class]
2025-05-19 17:45:05 DEBUG o.m.s.mapper.ClassPathMapperScanner - [ClassPathScanningCandidateComponentProvider.java:476] Identified candidate component class: file [D:\projects\yxbear.top\yxsg\sg\target\classes\com\yxbear\sg\domain\mapper\gi\ext\GiCityResourceExtMapper.class]
2025-05-19 17:45:05 DEBUG o.m.s.mapper.ClassPathMapperScanner - [ClassPathScanningCandidateComponentProvider.java:476] Identified candidate component class: file [D:\projects\yxbear.top\yxsg\sg\target\classes\com\yxbear\sg\domain\mapper\gi\GiCityBuildMapper.class]
2025-05-19 17:45:05 DEBUG o.m.s.mapper.ClassPathMapperScanner - [ClassPathScanningCandidateComponentProvider.java:476] Identified candidate component class: file [D:\projects\yxbear.top\yxsg\sg\target\classes\com\yxbear\sg\domain\mapper\gi\GiCityDefenceMapper.class]
2025-05-19 17:45:05 DEBUG o.m.s.mapper.ClassPathMapperScanner - [ClassPathScanningCandidateComponentProvider.java:476] Identified candidate component class: file [D:\projects\yxbear.top\yxsg\sg\target\classes\com\yxbear\sg\domain\mapper\gi\GiCityHeroMapper.class]
2025-05-19 17:45:05 DEBUG o.m.s.mapper.ClassPathMapperScanner - [ClassPathScanningCandidateComponentProvider.java:476] Identified candidate component class: file [D:\projects\yxbear.top\yxsg\sg\target\classes\com\yxbear\sg\domain\mapper\gi\GiCityMapper.class]
2025-05-19 17:45:05 DEBUG o.m.s.mapper.ClassPathMapperScanner - [ClassPathScanningCandidateComponentProvider.java:476] Identified candidate component class: file [D:\projects\yxbear.top\yxsg\sg\target\classes\com\yxbear\sg\domain\mapper\gi\GiCityResourceAddMapper.class]
2025-05-19 17:45:05 DEBUG o.m.s.mapper.ClassPathMapperScanner - [ClassPathScanningCandidateComponentProvider.java:476] Identified candidate component class: file [D:\projects\yxbear.top\yxsg\sg\target\classes\com\yxbear\sg\domain\mapper\gi\GiCityResourceMapper.class]
2025-05-19 17:45:05 DEBUG o.m.s.mapper.ClassPathMapperScanner - [ClassPathScanningCandidateComponentProvider.java:476] Identified candidate component class: file [D:\projects\yxbear.top\yxsg\sg\target\classes\com\yxbear\sg\domain\mapper\gi\GiCitySoldierMapper.class]
2025-05-19 17:45:05 DEBUG o.m.s.mapper.ClassPathMapperScanner - [ClassPathScanningCandidateComponentProvider.java:476] Identified candidate component class: file [D:\projects\yxbear.top\yxsg\sg\target\classes\com\yxbear\sg\domain\mapper\gi\GiGoodsMapper.class]
2025-05-19 17:45:05 DEBUG o.m.s.mapper.ClassPathMapperScanner - [ClassPathScanningCandidateComponentProvider.java:476] Identified candidate component class: file [D:\projects\yxbear.top\yxsg\sg\target\classes\com\yxbear\sg\domain\mapper\gi\GiPlayerMapper.class]
2025-05-19 17:45:05 DEBUG o.m.s.mapper.ClassPathMapperScanner - [ClassPathScanningCandidateComponentProvider.java:476] Identified candidate component class: file [D:\projects\yxbear.top\yxsg\sg\target\classes\com\yxbear\sg\domain\mapper\gi\GiUnionMapper.class]
2025-05-19 17:45:05 DEBUG o.m.s.mapper.ClassPathMapperScanner - [ClassPathScanningCandidateComponentProvider.java:476] Identified candidate component class: file [D:\projects\yxbear.top\yxsg\sg\target\classes\com\yxbear\sg\domain\mapper\mem\MemCityBuildUpgradingMapper.class]
2025-05-19 17:45:05 DEBUG o.m.s.mapper.ClassPathMapperScanner - [ClassPathScanningCandidateComponentProvider.java:476] Identified candidate component class: file [D:\projects\yxbear.top\yxsg\sg\target\classes\com\yxbear\sg\domain\mapper\mem\MemTechnicUpgradingMapper.class]
2025-05-19 17:45:05 DEBUG o.m.s.mapper.ClassPathMapperScanner - [ClassPathScanningCandidateComponentProvider.java:476] Identified candidate component class: file [D:\projects\yxbear.top\yxsg\sg\target\classes\com\yxbear\sg\domain\mapper\mem\MemWorldTileExtMapper.class]
2025-05-19 17:45:05 DEBUG o.m.s.mapper.ClassPathMapperScanner - [ClassPathScanningCandidateComponentProvider.java:476] Identified candidate component class: file [D:\projects\yxbear.top\yxsg\sg\target\classes\com\yxbear\sg\domain\mapper\mem\MemWorldTileMapper.class]
2025-05-19 17:45:05 DEBUG o.m.s.mapper.ClassPathMapperScanner - [ClassPathScanningCandidateComponentProvider.java:476] Identified candidate component class: file [D:\projects\yxbear.top\yxsg\sg\target\classes\com\yxbear\sg\domain\mapper\sys\SysUserLogMapper.class]
2025-05-19 17:45:05 DEBUG o.m.s.mapper.ClassPathMapperScanner - [ClassPathScanningCandidateComponentProvider.java:476] Identified candidate component class: file [D:\projects\yxbear.top\yxsg\sg\target\classes\com\yxbear\sg\domain\mapper\sys\SysUserMapper.class]
2025-05-19 17:45:05 DEBUG o.m.s.mapper.ClassPathMapperScanner - [Logger.java:49] Creating MapperFactoryBean with name 'cfgBuildingConditionMapper' and 'com.yxbear.sg.domain.mapper.cfg.CfgBuildingConditionMapper' mapperInterface
2025-05-19 17:45:05 DEBUG o.m.s.mapper.ClassPathMapperScanner - [Logger.java:49] Creating MapperFactoryBean with name 'cfgBuildingLevelMapper' and 'com.yxbear.sg.domain.mapper.cfg.CfgBuildingLevelMapper' mapperInterface
2025-05-19 17:45:05 DEBUG o.m.s.mapper.ClassPathMapperScanner - [Logger.java:49] Creating MapperFactoryBean with name 'cfgBuildingMapper' and 'com.yxbear.sg.domain.mapper.cfg.CfgBuildingMapper' mapperInterface
2025-05-19 17:45:05 DEBUG o.m.s.mapper.ClassPathMapperScanner - [Logger.java:49] Creating MapperFactoryBean with name 'cfgGoodsMapper' and 'com.yxbear.sg.domain.mapper.cfg.CfgGoodsMapper' mapperInterface
2025-05-19 17:45:05 DEBUG o.m.s.mapper.ClassPathMapperScanner - [Logger.java:49] Creating MapperFactoryBean with name 'giCityExtMapper' and 'com.yxbear.sg.domain.mapper.gi.ext.GiCityExtMapper' mapperInterface
2025-05-19 17:45:05 DEBUG o.m.s.mapper.ClassPathMapperScanner - [Logger.java:49] Creating MapperFactoryBean with name 'giCityResourceExtMapper' and 'com.yxbear.sg.domain.mapper.gi.ext.GiCityResourceExtMapper' mapperInterface
2025-05-19 17:45:05 DEBUG o.m.s.mapper.ClassPathMapperScanner - [Logger.java:49] Creating MapperFactoryBean with name 'giCityBuildMapper' and 'com.yxbear.sg.domain.mapper.gi.GiCityBuildMapper' mapperInterface
2025-05-19 17:45:05 DEBUG o.m.s.mapper.ClassPathMapperScanner - [Logger.java:49] Creating MapperFactoryBean with name 'giCityDefenceMapper' and 'com.yxbear.sg.domain.mapper.gi.GiCityDefenceMapper' mapperInterface
2025-05-19 17:45:05 DEBUG o.m.s.mapper.ClassPathMapperScanner - [Logger.java:49] Creating MapperFactoryBean with name 'giCityHeroMapper' and 'com.yxbear.sg.domain.mapper.gi.GiCityHeroMapper' mapperInterface
2025-05-19 17:45:05 DEBUG o.m.s.mapper.ClassPathMapperScanner - [Logger.java:49] Creating MapperFactoryBean with name 'giCityMapper' and 'com.yxbear.sg.domain.mapper.gi.GiCityMapper' mapperInterface
2025-05-19 17:45:05 DEBUG o.m.s.mapper.ClassPathMapperScanner - [Logger.java:49] Creating MapperFactoryBean with name 'giCityResourceAddMapper' and 'com.yxbear.sg.domain.mapper.gi.GiCityResourceAddMapper' mapperInterface
2025-05-19 17:45:05 DEBUG o.m.s.mapper.ClassPathMapperScanner - [Logger.java:49] Creating MapperFactoryBean with name 'giCityResourceMapper' and 'com.yxbear.sg.domain.mapper.gi.GiCityResourceMapper' mapperInterface
2025-05-19 17:45:05 DEBUG o.m.s.mapper.ClassPathMapperScanner - [Logger.java:49] Creating MapperFactoryBean with name 'giCitySoldierMapper' and 'com.yxbear.sg.domain.mapper.gi.GiCitySoldierMapper' mapperInterface
2025-05-19 17:45:05 DEBUG o.m.s.mapper.ClassPathMapperScanner - [Logger.java:49] Creating MapperFactoryBean with name 'giGoodsMapper' and 'com.yxbear.sg.domain.mapper.gi.GiGoodsMapper' mapperInterface
2025-05-19 17:45:05 DEBUG o.m.s.mapper.ClassPathMapperScanner - [Logger.java:49] Creating MapperFactoryBean with name 'giPlayerMapper' and 'com.yxbear.sg.domain.mapper.gi.GiPlayerMapper' mapperInterface
2025-05-19 17:45:05 DEBUG o.m.s.mapper.ClassPathMapperScanner - [Logger.java:49] Creating MapperFactoryBean with name 'giUnionMapper' and 'com.yxbear.sg.domain.mapper.gi.GiUnionMapper' mapperInterface
2025-05-19 17:45:05 DEBUG o.m.s.mapper.ClassPathMapperScanner - [Logger.java:49] Creating MapperFactoryBean with name 'memCityBuildUpgradingMapper' and 'com.yxbear.sg.domain.mapper.mem.MemCityBuildUpgradingMapper' mapperInterface
2025-05-19 17:45:05 DEBUG o.m.s.mapper.ClassPathMapperScanner - [Logger.java:49] Creating MapperFactoryBean with name 'memTechnicUpgradingMapper' and 'com.yxbear.sg.domain.mapper.mem.MemTechnicUpgradingMapper' mapperInterface
2025-05-19 17:45:05 DEBUG o.m.s.mapper.ClassPathMapperScanner - [Logger.java:49] Creating MapperFactoryBean with name 'memWorldTileExtMapper' and 'com.yxbear.sg.domain.mapper.mem.MemWorldTileExtMapper' mapperInterface
2025-05-19 17:45:05 DEBUG o.m.s.mapper.ClassPathMapperScanner - [Logger.java:49] Creating MapperFactoryBean with name 'memWorldTileMapper' and 'com.yxbear.sg.domain.mapper.mem.MemWorldTileMapper' mapperInterface
2025-05-19 17:45:05 DEBUG o.m.s.mapper.ClassPathMapperScanner - [Logger.java:49] Creating MapperFactoryBean with name 'sysUserLogMapper' and 'com.yxbear.sg.domain.mapper.sys.SysUserLogMapper' mapperInterface
2025-05-19 17:45:05 DEBUG o.m.s.mapper.ClassPathMapperScanner - [Logger.java:49] Creating MapperFactoryBean with name 'sysUserMapper' and 'com.yxbear.sg.domain.mapper.sys.SysUserMapper' mapperInterface
2025-05-19 17:45:06 INFO  o.s.b.w.s.c.ServletWebServerApplicationContext - [ServletWebServerApplicationContext.java:301] Root WebApplicationContext: initialization completed in 2262 ms
2025-05-19 17:45:11 DEBUG o.m.spring.SqlSessionFactoryBean - [Logger.java:49] Property 'mapperLocations' was not specified.
2025-05-19 17:45:11 INFO  c.yxbear.core.coder.CoderController - [CoderController.java:43] 代码生成器加载成功!========================>
2025-05-19 17:45:12 DEBUG o.m.s.b.a.MybatisAutoConfiguration - [MybatisAutoConfiguration.java:319] Not found configuration for registering mapper bean using @MapperScan, MapperFactoryBean and MapperScannerConfigurer.
2025-05-19 17:45:13 INFO  com.yxbear.sg.SgAppMain - [StartupInfoLogger.java:59] Started SgAppMain in 9.649 seconds (process running for 10.186)
2025-05-19 17:45:13 DEBUG c.y.s.d.m.m.M.queryList - [BaseJdbcLogger.java:135] ==>  Preparing: SELECT ID, PLAY_ID, CITY_ID, STATUS, GOAL_LV, END_TIME FROM MEM_CITY_BUILD_UPGRADING WHERE (END_TIME <= ?) ORDER BY id
2025-05-19 17:45:13 DEBUG c.y.s.d.m.m.M.queryList - [BaseJdbcLogger.java:135] ==> Parameters: 1747647913476(Long)
2025-05-19 17:45:13 DEBUG c.y.s.d.m.m.M.queryList - [BaseJdbcLogger.java:135] <==      Total: 0
2025-05-19 17:45:14 DEBUG c.y.s.d.m.m.M.queryList - [BaseJdbcLogger.java:135] ==>  Preparing: SELECT ID, PLAY_ID, CITY_ID, STATUS, GOAL_LV, END_TIME FROM MEM_CITY_BUILD_UPGRADING WHERE (END_TIME <= ?) ORDER BY id
2025-05-19 17:45:14 DEBUG c.y.s.d.m.m.M.queryList - [BaseJdbcLogger.java:135] ==> Parameters: 1747647914531(Long)
2025-05-19 17:45:14 DEBUG c.y.s.d.m.m.M.queryList - [BaseJdbcLogger.java:135] <==      Total: 0
2025-05-19 17:45:15 DEBUG c.y.s.d.m.m.M.queryList - [BaseJdbcLogger.java:135] ==>  Preparing: SELECT ID, PLAY_ID, CITY_ID, STATUS, GOAL_LV, END_TIME FROM MEM_CITY_BUILD_UPGRADING WHERE (END_TIME <= ?) ORDER BY id
2025-05-19 17:45:15 DEBUG c.y.s.d.m.m.M.queryList - [BaseJdbcLogger.java:135] ==> Parameters: 1747647915535(Long)
2025-05-19 17:45:15 DEBUG c.y.s.d.m.m.M.queryList - [BaseJdbcLogger.java:135] <==      Total: 0
2025-05-19 17:45:16 DEBUG c.y.s.d.m.m.M.queryList - [BaseJdbcLogger.java:135] ==>  Preparing: SELECT ID, PLAY_ID, CITY_ID, STATUS, GOAL_LV, END_TIME FROM MEM_CITY_BUILD_UPGRADING WHERE (END_TIME <= ?) ORDER BY id
2025-05-19 17:45:16 DEBUG c.y.s.d.m.m.M.queryList - [BaseJdbcLogger.java:135] ==> Parameters: 1747647916538(Long)
2025-05-19 17:45:16 DEBUG c.y.s.d.m.m.M.queryList - [BaseJdbcLogger.java:135] <==      Total: 0
2025-05-19 17:45:17 DEBUG c.y.s.d.m.m.M.queryList - [BaseJdbcLogger.java:135] ==>  Preparing: SELECT ID, PLAY_ID, CITY_ID, STATUS, GOAL_LV, END_TIME FROM MEM_CITY_BUILD_UPGRADING WHERE (END_TIME <= ?) ORDER BY id
2025-05-19 17:45:17 DEBUG c.y.s.d.m.m.M.queryList - [BaseJdbcLogger.java:135] ==> Parameters: 1747647917540(Long)
2025-05-19 17:45:17 DEBUG c.y.s.d.m.m.M.queryList - [BaseJdbcLogger.java:135] <==      Total: 0
2025-05-19 17:45:18 DEBUG c.y.s.d.m.m.M.queryList - [BaseJdbcLogger.java:135] ==>  Preparing: SELECT ID, PLAY_ID, CITY_ID, STATUS, GOAL_LV, END_TIME FROM MEM_CITY_BUILD_UPGRADING WHERE (END_TIME <= ?) ORDER BY id
2025-05-19 17:45:18 DEBUG c.y.s.d.m.m.M.queryList - [BaseJdbcLogger.java:135] ==> Parameters: 1747647918543(Long)
2025-05-19 17:45:18 DEBUG c.y.s.d.m.m.M.queryList - [BaseJdbcLogger.java:135] <==      Total: 0
2025-05-19 17:45:19 DEBUG c.y.s.d.m.m.M.queryList - [BaseJdbcLogger.java:135] ==>  Preparing: SELECT ID, PLAY_ID, CITY_ID, STATUS, GOAL_LV, END_TIME FROM MEM_CITY_BUILD_UPGRADING WHERE (END_TIME <= ?) ORDER BY id
2025-05-19 17:45:19 DEBUG c.y.s.d.m.m.M.queryList - [BaseJdbcLogger.java:135] ==> Parameters: 1747647919545(Long)
2025-05-19 17:45:19 DEBUG c.y.s.d.m.m.M.queryList - [BaseJdbcLogger.java:135] <==      Total: 0
2025-05-19 17:45:20 DEBUG c.y.s.d.m.m.M.queryList - [BaseJdbcLogger.java:135] ==>  Preparing: SELECT ID, PLAY_ID, CITY_ID, STATUS, GOAL_LV, END_TIME FROM MEM_CITY_BUILD_UPGRADING WHERE (END_TIME <= ?) ORDER BY id
2025-05-19 17:45:20 DEBUG c.y.s.d.m.m.M.queryList - [BaseJdbcLogger.java:135] ==> Parameters: 1747647920548(Long)
2025-05-19 17:45:20 DEBUG c.y.s.d.m.m.M.queryList - [BaseJdbcLogger.java:135] <==      Total: 0
2025-05-19 17:45:21 DEBUG c.y.s.d.m.m.M.queryList - [BaseJdbcLogger.java:135] ==>  Preparing: SELECT ID, PLAY_ID, CITY_ID, STATUS, GOAL_LV, END_TIME FROM MEM_CITY_BUILD_UPGRADING WHERE (END_TIME <= ?) ORDER BY id
2025-05-19 17:45:21 DEBUG c.y.s.d.m.m.M.queryList - [BaseJdbcLogger.java:135] ==> Parameters: 1747647921550(Long)
2025-05-19 17:45:21 DEBUG c.y.s.d.m.m.M.queryList - [BaseJdbcLogger.java:135] <==      Total: 0
2025-05-19 17:45:22 DEBUG c.y.s.d.m.m.M.queryList - [BaseJdbcLogger.java:135] ==>  Preparing: SELECT ID, PLAY_ID, CITY_ID, STATUS, GOAL_LV, END_TIME FROM MEM_CITY_BUILD_UPGRADING WHERE (END_TIME <= ?) ORDER BY id
2025-05-19 17:45:22 DEBUG c.y.s.d.m.m.M.queryList - [BaseJdbcLogger.java:135] ==> Parameters: 1747647922553(Long)
2025-05-19 17:45:22 DEBUG c.y.s.d.m.m.M.queryList - [BaseJdbcLogger.java:135] <==      Total: 0
2025-05-19 17:45:23 DEBUG c.y.s.d.m.m.M.queryList - [BaseJdbcLogger.java:135] ==>  Preparing: SELECT ID, PLAY_ID, CITY_ID, STATUS, GOAL_LV, END_TIME FROM MEM_CITY_BUILD_UPGRADING WHERE (END_TIME <= ?) ORDER BY id
2025-05-19 17:45:23 DEBUG c.y.s.d.m.m.M.queryList - [BaseJdbcLogger.java:135] ==> Parameters: 1747647923555(Long)
2025-05-19 17:45:23 DEBUG c.y.s.d.m.m.M.queryList - [BaseJdbcLogger.java:135] <==      Total: 0
2025-05-19 17:45:24 DEBUG c.y.s.d.m.m.M.queryList - [BaseJdbcLogger.java:135] ==>  Preparing: SELECT ID, PLAY_ID, CITY_ID, STATUS, GOAL_LV, END_TIME FROM MEM_CITY_BUILD_UPGRADING WHERE (END_TIME <= ?) ORDER BY id
2025-05-19 17:45:24 DEBUG c.y.s.d.m.m.M.queryList - [BaseJdbcLogger.java:135] ==> Parameters: 1747647924558(Long)
2025-05-19 17:45:24 DEBUG c.y.s.d.m.m.M.queryList - [BaseJdbcLogger.java:135] <==      Total: 0
2025-05-19 17:45:25 DEBUG c.y.s.d.m.m.M.queryList - [BaseJdbcLogger.java:135] ==>  Preparing: SELECT ID, PLAY_ID, CITY_ID, STATUS, GOAL_LV, END_TIME FROM MEM_CITY_BUILD_UPGRADING WHERE (END_TIME <= ?) ORDER BY id
2025-05-19 17:45:25 DEBUG c.y.s.d.m.m.M.queryList - [BaseJdbcLogger.java:135] ==> Parameters: 1747647925559(Long)
2025-05-19 17:45:25 DEBUG c.y.s.d.m.m.M.queryList - [BaseJdbcLogger.java:135] <==      Total: 0
2025-05-19 17:45:26 DEBUG c.y.s.d.m.m.M.queryList - [BaseJdbcLogger.java:135] ==>  Preparing: SELECT ID, PLAY_ID, CITY_ID, STATUS, GOAL_LV, END_TIME FROM MEM_CITY_BUILD_UPGRADING WHERE (END_TIME <= ?) ORDER BY id
2025-05-19 17:45:26 DEBUG c.y.s.d.m.m.M.queryList - [BaseJdbcLogger.java:135] ==> Parameters: 1747647926562(Long)
2025-05-19 17:45:26 DEBUG c.y.s.d.m.m.M.queryList - [BaseJdbcLogger.java:135] <==      Total: 0
2025-05-19 17:45:27 DEBUG c.y.s.d.m.m.M.queryList - [BaseJdbcLogger.java:135] ==>  Preparing: SELECT ID, PLAY_ID, CITY_ID, STATUS, GOAL_LV, END_TIME FROM MEM_CITY_BUILD_UPGRADING WHERE (END_TIME <= ?) ORDER BY id
2025-05-19 17:45:27 DEBUG c.y.s.d.m.m.M.queryList - [BaseJdbcLogger.java:135] ==> Parameters: 1747647927565(Long)
2025-05-19 17:45:27 DEBUG c.y.s.d.m.m.M.queryList - [BaseJdbcLogger.java:135] <==      Total: 0
2025-05-19 17:45:28 DEBUG c.y.s.d.m.m.M.queryList - [BaseJdbcLogger.java:135] ==>  Preparing: SELECT ID, PLAY_ID, CITY_ID, STATUS, GOAL_LV, END_TIME FROM MEM_CITY_BUILD_UPGRADING WHERE (END_TIME <= ?) ORDER BY id
2025-05-19 17:45:28 DEBUG c.y.s.d.m.m.M.queryList - [BaseJdbcLogger.java:135] ==> Parameters: 1747647928567(Long)
2025-05-19 17:45:28 DEBUG c.y.s.d.m.m.M.queryList - [BaseJdbcLogger.java:135] <==      Total: 0
2025-05-19 17:45:29 DEBUG c.y.s.d.m.m.M.queryList - [BaseJdbcLogger.java:135] ==>  Preparing: SELECT ID, PLAY_ID, CITY_ID, STATUS, GOAL_LV, END_TIME FROM MEM_CITY_BUILD_UPGRADING WHERE (END_TIME <= ?) ORDER BY id
2025-05-19 17:45:29 DEBUG c.y.s.d.m.m.M.queryList - [BaseJdbcLogger.java:135] ==> Parameters: 1747647929570(Long)
2025-05-19 17:45:29 DEBUG c.y.s.d.m.m.M.queryList - [BaseJdbcLogger.java:135] <==      Total: 0
2025-05-19 17:45:30 DEBUG c.y.s.d.m.m.M.queryList - [BaseJdbcLogger.java:135] ==>  Preparing: SELECT ID, PLAY_ID, CITY_ID, STATUS, GOAL_LV, END_TIME FROM MEM_CITY_BUILD_UPGRADING WHERE (END_TIME <= ?) ORDER BY id
2025-05-19 17:45:30 DEBUG c.y.s.d.m.m.M.queryList - [BaseJdbcLogger.java:135] ==> Parameters: 1747647930572(Long)
2025-05-19 17:45:30 DEBUG c.y.s.d.m.m.M.queryList - [BaseJdbcLogger.java:135] <==      Total: 0
2025-05-19 17:45:31 DEBUG c.y.s.d.m.m.M.queryList - [BaseJdbcLogger.java:135] ==>  Preparing: SELECT ID, PLAY_ID, CITY_ID, STATUS, GOAL_LV, END_TIME FROM MEM_CITY_BUILD_UPGRADING WHERE (END_TIME <= ?) ORDER BY id
2025-05-19 17:45:31 DEBUG c.y.s.d.m.m.M.queryList - [BaseJdbcLogger.java:135] ==> Parameters: 1747647931574(Long)
2025-05-19 17:45:31 DEBUG c.y.s.d.m.m.M.queryList - [BaseJdbcLogger.java:135] <==      Total: 0
2025-05-19 17:45:32 DEBUG c.y.s.d.m.m.M.queryList - [BaseJdbcLogger.java:135] ==>  Preparing: SELECT ID, PLAY_ID, CITY_ID, STATUS, GOAL_LV, END_TIME FROM MEM_CITY_BUILD_UPGRADING WHERE (END_TIME <= ?) ORDER BY id
2025-05-19 17:45:32 DEBUG c.y.s.d.m.m.M.queryList - [BaseJdbcLogger.java:135] ==> Parameters: 1747647932578(Long)
2025-05-19 17:45:32 DEBUG c.y.s.d.m.m.M.queryList - [BaseJdbcLogger.java:135] <==      Total: 0
2025-05-19 17:45:33 DEBUG c.y.s.d.m.m.M.queryList - [BaseJdbcLogger.java:135] ==>  Preparing: SELECT ID, PLAY_ID, CITY_ID, STATUS, GOAL_LV, END_TIME FROM MEM_CITY_BUILD_UPGRADING WHERE (END_TIME <= ?) ORDER BY id
2025-05-19 17:45:33 DEBUG c.y.s.d.m.m.M.queryList - [BaseJdbcLogger.java:135] ==> Parameters: 1747647933581(Long)
2025-05-19 17:45:33 DEBUG c.y.s.d.m.m.M.queryList - [BaseJdbcLogger.java:135] <==      Total: 0
2025-05-19 17:45:34 DEBUG c.y.s.d.m.m.M.queryList - [BaseJdbcLogger.java:135] ==>  Preparing: SELECT ID, PLAY_ID, CITY_ID, STATUS, GOAL_LV, END_TIME FROM MEM_CITY_BUILD_UPGRADING WHERE (END_TIME <= ?) ORDER BY id
2025-05-19 17:45:34 DEBUG c.y.s.d.m.m.M.queryList - [BaseJdbcLogger.java:135] ==> Parameters: 1747647934585(Long)
2025-05-19 17:45:34 DEBUG c.y.s.d.m.m.M.queryList - [BaseJdbcLogger.java:135] <==      Total: 0
2025-05-19 17:45:35 DEBUG c.y.s.d.m.m.M.queryList - [BaseJdbcLogger.java:135] ==>  Preparing: SELECT ID, PLAY_ID, CITY_ID, STATUS, GOAL_LV, END_TIME FROM MEM_CITY_BUILD_UPGRADING WHERE (END_TIME <= ?) ORDER BY id
2025-05-19 17:45:35 DEBUG c.y.s.d.m.m.M.queryList - [BaseJdbcLogger.java:135] ==> Parameters: 1747647935587(Long)
2025-05-19 17:45:35 DEBUG c.y.s.d.m.m.M.queryList - [BaseJdbcLogger.java:135] <==      Total: 0
2025-05-19 17:45:36 DEBUG c.y.s.d.m.m.M.queryList - [BaseJdbcLogger.java:135] ==>  Preparing: SELECT ID, PLAY_ID, CITY_ID, STATUS, GOAL_LV, END_TIME FROM MEM_CITY_BUILD_UPGRADING WHERE (END_TIME <= ?) ORDER BY id
2025-05-19 17:45:36 DEBUG c.y.s.d.m.m.M.queryList - [BaseJdbcLogger.java:135] ==> Parameters: 1747647936590(Long)
2025-05-19 17:45:36 DEBUG c.y.s.d.m.m.M.queryList - [BaseJdbcLogger.java:135] <==      Total: 0
2025-05-19 17:45:37 DEBUG c.y.s.d.m.m.M.queryList - [BaseJdbcLogger.java:135] ==>  Preparing: SELECT ID, PLAY_ID, CITY_ID, STATUS, GOAL_LV, END_TIME FROM MEM_CITY_BUILD_UPGRADING WHERE (END_TIME <= ?) ORDER BY id
2025-05-19 17:45:37 DEBUG c.y.s.d.m.m.M.queryList - [BaseJdbcLogger.java:135] ==> Parameters: 1747647937593(Long)
2025-05-19 17:45:37 DEBUG c.y.s.d.m.m.M.queryList - [BaseJdbcLogger.java:135] <==      Total: 0
2025-05-19 17:45:38 DEBUG c.y.s.d.m.m.M.queryList - [BaseJdbcLogger.java:135] ==>  Preparing: SELECT ID, PLAY_ID, CITY_ID, STATUS, GOAL_LV, END_TIME FROM MEM_CITY_BUILD_UPGRADING WHERE (END_TIME <= ?) ORDER BY id
2025-05-19 17:45:38 DEBUG c.y.s.d.m.m.M.queryList - [BaseJdbcLogger.java:135] ==> Parameters: 1747647938598(Long)
2025-05-19 17:45:38 DEBUG c.y.s.d.m.m.M.queryList - [BaseJdbcLogger.java:135] <==      Total: 0
2025-05-19 17:45:39 DEBUG c.y.s.d.m.m.M.queryList - [BaseJdbcLogger.java:135] ==>  Preparing: SELECT ID, PLAY_ID, CITY_ID, STATUS, GOAL_LV, END_TIME FROM MEM_CITY_BUILD_UPGRADING WHERE (END_TIME <= ?) ORDER BY id
2025-05-19 17:45:39 DEBUG c.y.s.d.m.m.M.queryList - [BaseJdbcLogger.java:135] ==> Parameters: 1747647939602(Long)
2025-05-19 17:45:39 DEBUG c.y.s.d.m.m.M.queryList - [BaseJdbcLogger.java:135] <==      Total: 0
2025-05-19 17:45:40 DEBUG c.y.s.d.m.m.M.queryList - [BaseJdbcLogger.java:135] ==>  Preparing: SELECT ID, PLAY_ID, CITY_ID, STATUS, GOAL_LV, END_TIME FROM MEM_CITY_BUILD_UPGRADING WHERE (END_TIME <= ?) ORDER BY id
2025-05-19 17:45:40 DEBUG c.y.s.d.m.m.M.queryList - [BaseJdbcLogger.java:135] ==> Parameters: 1747647940605(Long)
2025-05-19 17:45:40 DEBUG c.y.s.d.m.m.M.queryList - [BaseJdbcLogger.java:135] <==      Total: 0
2025-05-19 17:45:44 INFO  com.yxbear.sg.SgAppMain - [StartupInfoLogger.java:53] Starting SgAppMain v1.0.0 using Java 21.0.3 with PID 33724 (D:\projects\yxbear.top\yxsg\sg\target\classes started by Administrator in D:\projects\yxbear.top\yxsg\sg)
2025-05-19 17:45:44 INFO  com.yxbear.sg.SgAppMain - [SpringApplication.java:652] No active profile set, falling back to 1 default profile: "default"
2025-05-19 17:45:45 DEBUG o.m.s.b.a.MybatisAutoConfiguration - [MybatisAutoConfiguration.java:247] Searching for mappers annotated with @Mapper
2025-05-19 17:45:45 DEBUG o.m.s.b.a.MybatisAutoConfiguration - [MybatisAutoConfiguration.java:251] Using auto-configuration base package 'com.yxbear.sg'
2025-05-19 17:45:45 DEBUG o.m.s.mapper.ClassPathMapperScanner - [ClassPathScanningCandidateComponentProvider.java:476] Identified candidate component class: file [D:\projects\yxbear.top\yxsg\sg\target\classes\com\yxbear\sg\domain\mapper\cfg\CfgBuildingConditionMapper.class]
2025-05-19 17:45:45 DEBUG o.m.s.mapper.ClassPathMapperScanner - [ClassPathScanningCandidateComponentProvider.java:476] Identified candidate component class: file [D:\projects\yxbear.top\yxsg\sg\target\classes\com\yxbear\sg\domain\mapper\cfg\CfgBuildingLevelMapper.class]
2025-05-19 17:45:45 DEBUG o.m.s.mapper.ClassPathMapperScanner - [ClassPathScanningCandidateComponentProvider.java:476] Identified candidate component class: file [D:\projects\yxbear.top\yxsg\sg\target\classes\com\yxbear\sg\domain\mapper\cfg\CfgBuildingMapper.class]
2025-05-19 17:45:45 DEBUG o.m.s.mapper.ClassPathMapperScanner - [ClassPathScanningCandidateComponentProvider.java:476] Identified candidate component class: file [D:\projects\yxbear.top\yxsg\sg\target\classes\com\yxbear\sg\domain\mapper\cfg\CfgGoodsMapper.class]
2025-05-19 17:45:45 DEBUG o.m.s.mapper.ClassPathMapperScanner - [ClassPathScanningCandidateComponentProvider.java:476] Identified candidate component class: file [D:\projects\yxbear.top\yxsg\sg\target\classes\com\yxbear\sg\domain\mapper\gi\ext\GiCityExtMapper.class]
2025-05-19 17:45:45 DEBUG o.m.s.mapper.ClassPathMapperScanner - [ClassPathScanningCandidateComponentProvider.java:476] Identified candidate component class: file [D:\projects\yxbear.top\yxsg\sg\target\classes\com\yxbear\sg\domain\mapper\gi\ext\GiCityResourceExtMapper.class]
2025-05-19 17:45:45 DEBUG o.m.s.mapper.ClassPathMapperScanner - [ClassPathScanningCandidateComponentProvider.java:476] Identified candidate component class: file [D:\projects\yxbear.top\yxsg\sg\target\classes\com\yxbear\sg\domain\mapper\gi\GiCityBuildMapper.class]
2025-05-19 17:45:45 DEBUG o.m.s.mapper.ClassPathMapperScanner - [ClassPathScanningCandidateComponentProvider.java:476] Identified candidate component class: file [D:\projects\yxbear.top\yxsg\sg\target\classes\com\yxbear\sg\domain\mapper\gi\GiCityDefenceMapper.class]
2025-05-19 17:45:45 DEBUG o.m.s.mapper.ClassPathMapperScanner - [ClassPathScanningCandidateComponentProvider.java:476] Identified candidate component class: file [D:\projects\yxbear.top\yxsg\sg\target\classes\com\yxbear\sg\domain\mapper\gi\GiCityHeroMapper.class]
2025-05-19 17:45:45 DEBUG o.m.s.mapper.ClassPathMapperScanner - [ClassPathScanningCandidateComponentProvider.java:476] Identified candidate component class: file [D:\projects\yxbear.top\yxsg\sg\target\classes\com\yxbear\sg\domain\mapper\gi\GiCityMapper.class]
2025-05-19 17:45:45 DEBUG o.m.s.mapper.ClassPathMapperScanner - [ClassPathScanningCandidateComponentProvider.java:476] Identified candidate component class: file [D:\projects\yxbear.top\yxsg\sg\target\classes\com\yxbear\sg\domain\mapper\gi\GiCityResourceAddMapper.class]
2025-05-19 17:45:45 DEBUG o.m.s.mapper.ClassPathMapperScanner - [ClassPathScanningCandidateComponentProvider.java:476] Identified candidate component class: file [D:\projects\yxbear.top\yxsg\sg\target\classes\com\yxbear\sg\domain\mapper\gi\GiCityResourceMapper.class]
2025-05-19 17:45:45 DEBUG o.m.s.mapper.ClassPathMapperScanner - [ClassPathScanningCandidateComponentProvider.java:476] Identified candidate component class: file [D:\projects\yxbear.top\yxsg\sg\target\classes\com\yxbear\sg\domain\mapper\gi\GiCitySoldierMapper.class]
2025-05-19 17:45:45 DEBUG o.m.s.mapper.ClassPathMapperScanner - [ClassPathScanningCandidateComponentProvider.java:476] Identified candidate component class: file [D:\projects\yxbear.top\yxsg\sg\target\classes\com\yxbear\sg\domain\mapper\gi\GiGoodsMapper.class]
2025-05-19 17:45:45 DEBUG o.m.s.mapper.ClassPathMapperScanner - [ClassPathScanningCandidateComponentProvider.java:476] Identified candidate component class: file [D:\projects\yxbear.top\yxsg\sg\target\classes\com\yxbear\sg\domain\mapper\gi\GiPlayerMapper.class]
2025-05-19 17:45:45 DEBUG o.m.s.mapper.ClassPathMapperScanner - [ClassPathScanningCandidateComponentProvider.java:476] Identified candidate component class: file [D:\projects\yxbear.top\yxsg\sg\target\classes\com\yxbear\sg\domain\mapper\gi\GiUnionMapper.class]
2025-05-19 17:45:45 DEBUG o.m.s.mapper.ClassPathMapperScanner - [ClassPathScanningCandidateComponentProvider.java:476] Identified candidate component class: file [D:\projects\yxbear.top\yxsg\sg\target\classes\com\yxbear\sg\domain\mapper\mem\MemCityBuildUpgradingMapper.class]
2025-05-19 17:45:45 DEBUG o.m.s.mapper.ClassPathMapperScanner - [ClassPathScanningCandidateComponentProvider.java:476] Identified candidate component class: file [D:\projects\yxbear.top\yxsg\sg\target\classes\com\yxbear\sg\domain\mapper\mem\MemTechnicUpgradingMapper.class]
2025-05-19 17:45:45 DEBUG o.m.s.mapper.ClassPathMapperScanner - [ClassPathScanningCandidateComponentProvider.java:476] Identified candidate component class: file [D:\projects\yxbear.top\yxsg\sg\target\classes\com\yxbear\sg\domain\mapper\mem\MemWorldTileExtMapper.class]
2025-05-19 17:45:45 DEBUG o.m.s.mapper.ClassPathMapperScanner - [ClassPathScanningCandidateComponentProvider.java:476] Identified candidate component class: file [D:\projects\yxbear.top\yxsg\sg\target\classes\com\yxbear\sg\domain\mapper\mem\MemWorldTileMapper.class]
2025-05-19 17:45:45 DEBUG o.m.s.mapper.ClassPathMapperScanner - [ClassPathScanningCandidateComponentProvider.java:476] Identified candidate component class: file [D:\projects\yxbear.top\yxsg\sg\target\classes\com\yxbear\sg\domain\mapper\sys\SysUserLogMapper.class]
2025-05-19 17:45:45 DEBUG o.m.s.mapper.ClassPathMapperScanner - [ClassPathScanningCandidateComponentProvider.java:476] Identified candidate component class: file [D:\projects\yxbear.top\yxsg\sg\target\classes\com\yxbear\sg\domain\mapper\sys\SysUserMapper.class]
2025-05-19 17:45:45 DEBUG o.m.s.mapper.ClassPathMapperScanner - [Logger.java:49] Creating MapperFactoryBean with name 'cfgBuildingConditionMapper' and 'com.yxbear.sg.domain.mapper.cfg.CfgBuildingConditionMapper' mapperInterface
2025-05-19 17:45:45 DEBUG o.m.s.mapper.ClassPathMapperScanner - [Logger.java:49] Creating MapperFactoryBean with name 'cfgBuildingLevelMapper' and 'com.yxbear.sg.domain.mapper.cfg.CfgBuildingLevelMapper' mapperInterface
2025-05-19 17:45:45 DEBUG o.m.s.mapper.ClassPathMapperScanner - [Logger.java:49] Creating MapperFactoryBean with name 'cfgBuildingMapper' and 'com.yxbear.sg.domain.mapper.cfg.CfgBuildingMapper' mapperInterface
2025-05-19 17:45:45 DEBUG o.m.s.mapper.ClassPathMapperScanner - [Logger.java:49] Creating MapperFactoryBean with name 'cfgGoodsMapper' and 'com.yxbear.sg.domain.mapper.cfg.CfgGoodsMapper' mapperInterface
2025-05-19 17:45:45 DEBUG o.m.s.mapper.ClassPathMapperScanner - [Logger.java:49] Creating MapperFactoryBean with name 'giCityExtMapper' and 'com.yxbear.sg.domain.mapper.gi.ext.GiCityExtMapper' mapperInterface
2025-05-19 17:45:45 DEBUG o.m.s.mapper.ClassPathMapperScanner - [Logger.java:49] Creating MapperFactoryBean with name 'giCityResourceExtMapper' and 'com.yxbear.sg.domain.mapper.gi.ext.GiCityResourceExtMapper' mapperInterface
2025-05-19 17:45:45 DEBUG o.m.s.mapper.ClassPathMapperScanner - [Logger.java:49] Creating MapperFactoryBean with name 'giCityBuildMapper' and 'com.yxbear.sg.domain.mapper.gi.GiCityBuildMapper' mapperInterface
2025-05-19 17:45:45 DEBUG o.m.s.mapper.ClassPathMapperScanner - [Logger.java:49] Creating MapperFactoryBean with name 'giCityDefenceMapper' and 'com.yxbear.sg.domain.mapper.gi.GiCityDefenceMapper' mapperInterface
2025-05-19 17:45:45 DEBUG o.m.s.mapper.ClassPathMapperScanner - [Logger.java:49] Creating MapperFactoryBean with name 'giCityHeroMapper' and 'com.yxbear.sg.domain.mapper.gi.GiCityHeroMapper' mapperInterface
2025-05-19 17:45:45 DEBUG o.m.s.mapper.ClassPathMapperScanner - [Logger.java:49] Creating MapperFactoryBean with name 'giCityMapper' and 'com.yxbear.sg.domain.mapper.gi.GiCityMapper' mapperInterface
2025-05-19 17:45:45 DEBUG o.m.s.mapper.ClassPathMapperScanner - [Logger.java:49] Creating MapperFactoryBean with name 'giCityResourceAddMapper' and 'com.yxbear.sg.domain.mapper.gi.GiCityResourceAddMapper' mapperInterface
2025-05-19 17:45:45 DEBUG o.m.s.mapper.ClassPathMapperScanner - [Logger.java:49] Creating MapperFactoryBean with name 'giCityResourceMapper' and 'com.yxbear.sg.domain.mapper.gi.GiCityResourceMapper' mapperInterface
2025-05-19 17:45:45 DEBUG o.m.s.mapper.ClassPathMapperScanner - [Logger.java:49] Creating MapperFactoryBean with name 'giCitySoldierMapper' and 'com.yxbear.sg.domain.mapper.gi.GiCitySoldierMapper' mapperInterface
2025-05-19 17:45:45 DEBUG o.m.s.mapper.ClassPathMapperScanner - [Logger.java:49] Creating MapperFactoryBean with name 'giGoodsMapper' and 'com.yxbear.sg.domain.mapper.gi.GiGoodsMapper' mapperInterface
2025-05-19 17:45:45 DEBUG o.m.s.mapper.ClassPathMapperScanner - [Logger.java:49] Creating MapperFactoryBean with name 'giPlayerMapper' and 'com.yxbear.sg.domain.mapper.gi.GiPlayerMapper' mapperInterface
2025-05-19 17:45:45 DEBUG o.m.s.mapper.ClassPathMapperScanner - [Logger.java:49] Creating MapperFactoryBean with name 'giUnionMapper' and 'com.yxbear.sg.domain.mapper.gi.GiUnionMapper' mapperInterface
2025-05-19 17:45:45 DEBUG o.m.s.mapper.ClassPathMapperScanner - [Logger.java:49] Creating MapperFactoryBean with name 'memCityBuildUpgradingMapper' and 'com.yxbear.sg.domain.mapper.mem.MemCityBuildUpgradingMapper' mapperInterface
2025-05-19 17:45:45 DEBUG o.m.s.mapper.ClassPathMapperScanner - [Logger.java:49] Creating MapperFactoryBean with name 'memTechnicUpgradingMapper' and 'com.yxbear.sg.domain.mapper.mem.MemTechnicUpgradingMapper' mapperInterface
2025-05-19 17:45:45 DEBUG o.m.s.mapper.ClassPathMapperScanner - [Logger.java:49] Creating MapperFactoryBean with name 'memWorldTileExtMapper' and 'com.yxbear.sg.domain.mapper.mem.MemWorldTileExtMapper' mapperInterface
2025-05-19 17:45:45 DEBUG o.m.s.mapper.ClassPathMapperScanner - [Logger.java:49] Creating MapperFactoryBean with name 'memWorldTileMapper' and 'com.yxbear.sg.domain.mapper.mem.MemWorldTileMapper' mapperInterface
2025-05-19 17:45:45 DEBUG o.m.s.mapper.ClassPathMapperScanner - [Logger.java:49] Creating MapperFactoryBean with name 'sysUserLogMapper' and 'com.yxbear.sg.domain.mapper.sys.SysUserLogMapper' mapperInterface
2025-05-19 17:45:45 DEBUG o.m.s.mapper.ClassPathMapperScanner - [Logger.java:49] Creating MapperFactoryBean with name 'sysUserMapper' and 'com.yxbear.sg.domain.mapper.sys.SysUserMapper' mapperInterface
2025-05-19 17:45:46 INFO  o.s.b.w.s.c.ServletWebServerApplicationContext - [ServletWebServerApplicationContext.java:301] Root WebApplicationContext: initialization completed in 2039 ms
2025-05-19 17:45:51 DEBUG o.m.spring.SqlSessionFactoryBean - [Logger.java:49] Property 'mapperLocations' was not specified.
2025-05-19 17:45:51 INFO  c.yxbear.core.coder.CoderController - [CoderController.java:43] 代码生成器加载成功!========================>
2025-05-19 17:45:52 DEBUG o.m.s.b.a.MybatisAutoConfiguration - [MybatisAutoConfiguration.java:319] Not found configuration for registering mapper bean using @MapperScan, MapperFactoryBean and MapperScannerConfigurer.
2025-05-19 17:45:52 INFO  com.yxbear.sg.SgAppMain - [StartupInfoLogger.java:59] Started SgAppMain in 9.117 seconds (process running for 9.648)
2025-05-19 17:46:01 INFO  o.s.web.servlet.DispatcherServlet - [FrameworkServlet.java:532] Initializing Servlet 'dispatcherServlet'
2025-05-19 17:46:01 INFO  o.s.web.servlet.DispatcherServlet - [FrameworkServlet.java:554] Completed initialization in 2 ms
2025-05-19 18:10:00 INFO  com.yxbear.sg.SgAppMain - [StartupInfoLogger.java:53] Starting SgAppMain v1.0.0 using Java 21.0.3 with PID 34084 (D:\projects\yxbear.top\yxsg\sg\target\classes started by Administrator in D:\projects\yxbear.top\yxsg\sg)
2025-05-19 18:10:00 INFO  com.yxbear.sg.SgAppMain - [SpringApplication.java:652] No active profile set, falling back to 1 default profile: "default"
2025-05-19 18:10:01 DEBUG o.m.s.b.a.MybatisAutoConfiguration - [MybatisAutoConfiguration.java:247] Searching for mappers annotated with @Mapper
2025-05-19 18:10:01 DEBUG o.m.s.b.a.MybatisAutoConfiguration - [MybatisAutoConfiguration.java:251] Using auto-configuration base package 'com.yxbear.sg'
2025-05-19 18:10:01 DEBUG o.m.s.mapper.ClassPathMapperScanner - [ClassPathScanningCandidateComponentProvider.java:476] Identified candidate component class: file [D:\projects\yxbear.top\yxsg\sg\target\classes\com\yxbear\sg\domain\mapper\cfg\CfgBuildingConditionMapper.class]
2025-05-19 18:10:01 DEBUG o.m.s.mapper.ClassPathMapperScanner - [ClassPathScanningCandidateComponentProvider.java:476] Identified candidate component class: file [D:\projects\yxbear.top\yxsg\sg\target\classes\com\yxbear\sg\domain\mapper\cfg\CfgBuildingLevelMapper.class]
2025-05-19 18:10:01 DEBUG o.m.s.mapper.ClassPathMapperScanner - [ClassPathScanningCandidateComponentProvider.java:476] Identified candidate component class: file [D:\projects\yxbear.top\yxsg\sg\target\classes\com\yxbear\sg\domain\mapper\cfg\CfgBuildingMapper.class]
2025-05-19 18:10:01 DEBUG o.m.s.mapper.ClassPathMapperScanner - [ClassPathScanningCandidateComponentProvider.java:476] Identified candidate component class: file [D:\projects\yxbear.top\yxsg\sg\target\classes\com\yxbear\sg\domain\mapper\cfg\CfgGoodsMapper.class]
2025-05-19 18:10:01 DEBUG o.m.s.mapper.ClassPathMapperScanner - [ClassPathScanningCandidateComponentProvider.java:476] Identified candidate component class: file [D:\projects\yxbear.top\yxsg\sg\target\classes\com\yxbear\sg\domain\mapper\gi\ext\GiCityExtMapper.class]
2025-05-19 18:10:01 DEBUG o.m.s.mapper.ClassPathMapperScanner - [ClassPathScanningCandidateComponentProvider.java:476] Identified candidate component class: file [D:\projects\yxbear.top\yxsg\sg\target\classes\com\yxbear\sg\domain\mapper\gi\ext\GiCityResourceExtMapper.class]
2025-05-19 18:10:01 DEBUG o.m.s.mapper.ClassPathMapperScanner - [ClassPathScanningCandidateComponentProvider.java:476] Identified candidate component class: file [D:\projects\yxbear.top\yxsg\sg\target\classes\com\yxbear\sg\domain\mapper\gi\GiCityBuildMapper.class]
2025-05-19 18:10:01 DEBUG o.m.s.mapper.ClassPathMapperScanner - [ClassPathScanningCandidateComponentProvider.java:476] Identified candidate component class: file [D:\projects\yxbear.top\yxsg\sg\target\classes\com\yxbear\sg\domain\mapper\gi\GiCityDefenceMapper.class]
2025-05-19 18:10:01 DEBUG o.m.s.mapper.ClassPathMapperScanner - [ClassPathScanningCandidateComponentProvider.java:476] Identified candidate component class: file [D:\projects\yxbear.top\yxsg\sg\target\classes\com\yxbear\sg\domain\mapper\gi\GiCityHeroMapper.class]
2025-05-19 18:10:01 DEBUG o.m.s.mapper.ClassPathMapperScanner - [ClassPathScanningCandidateComponentProvider.java:476] Identified candidate component class: file [D:\projects\yxbear.top\yxsg\sg\target\classes\com\yxbear\sg\domain\mapper\gi\GiCityMapper.class]
2025-05-19 18:10:01 DEBUG o.m.s.mapper.ClassPathMapperScanner - [ClassPathScanningCandidateComponentProvider.java:476] Identified candidate component class: file [D:\projects\yxbear.top\yxsg\sg\target\classes\com\yxbear\sg\domain\mapper\gi\GiCityResourceAddMapper.class]
2025-05-19 18:10:01 DEBUG o.m.s.mapper.ClassPathMapperScanner - [ClassPathScanningCandidateComponentProvider.java:476] Identified candidate component class: file [D:\projects\yxbear.top\yxsg\sg\target\classes\com\yxbear\sg\domain\mapper\gi\GiCityResourceMapper.class]
2025-05-19 18:10:01 DEBUG o.m.s.mapper.ClassPathMapperScanner - [ClassPathScanningCandidateComponentProvider.java:476] Identified candidate component class: file [D:\projects\yxbear.top\yxsg\sg\target\classes\com\yxbear\sg\domain\mapper\gi\GiCitySoldierMapper.class]
2025-05-19 18:10:01 DEBUG o.m.s.mapper.ClassPathMapperScanner - [ClassPathScanningCandidateComponentProvider.java:476] Identified candidate component class: file [D:\projects\yxbear.top\yxsg\sg\target\classes\com\yxbear\sg\domain\mapper\gi\GiGoodsMapper.class]
2025-05-19 18:10:01 DEBUG o.m.s.mapper.ClassPathMapperScanner - [ClassPathScanningCandidateComponentProvider.java:476] Identified candidate component class: file [D:\projects\yxbear.top\yxsg\sg\target\classes\com\yxbear\sg\domain\mapper\gi\GiPlayerMapper.class]
2025-05-19 18:10:01 DEBUG o.m.s.mapper.ClassPathMapperScanner - [ClassPathScanningCandidateComponentProvider.java:476] Identified candidate component class: file [D:\projects\yxbear.top\yxsg\sg\target\classes\com\yxbear\sg\domain\mapper\gi\GiUnionMapper.class]
2025-05-19 18:10:01 DEBUG o.m.s.mapper.ClassPathMapperScanner - [ClassPathScanningCandidateComponentProvider.java:476] Identified candidate component class: file [D:\projects\yxbear.top\yxsg\sg\target\classes\com\yxbear\sg\domain\mapper\mem\MemCityBuildUpgradingMapper.class]
2025-05-19 18:10:01 DEBUG o.m.s.mapper.ClassPathMapperScanner - [ClassPathScanningCandidateComponentProvider.java:476] Identified candidate component class: file [D:\projects\yxbear.top\yxsg\sg\target\classes\com\yxbear\sg\domain\mapper\mem\MemTechnicUpgradingMapper.class]
2025-05-19 18:10:01 DEBUG o.m.s.mapper.ClassPathMapperScanner - [ClassPathScanningCandidateComponentProvider.java:476] Identified candidate component class: file [D:\projects\yxbear.top\yxsg\sg\target\classes\com\yxbear\sg\domain\mapper\mem\MemWorldTileExtMapper.class]
2025-05-19 18:10:01 DEBUG o.m.s.mapper.ClassPathMapperScanner - [ClassPathScanningCandidateComponentProvider.java:476] Identified candidate component class: file [D:\projects\yxbear.top\yxsg\sg\target\classes\com\yxbear\sg\domain\mapper\mem\MemWorldTileMapper.class]
2025-05-19 18:10:01 DEBUG o.m.s.mapper.ClassPathMapperScanner - [ClassPathScanningCandidateComponentProvider.java:476] Identified candidate component class: file [D:\projects\yxbear.top\yxsg\sg\target\classes\com\yxbear\sg\domain\mapper\sys\SysUserLogMapper.class]
2025-05-19 18:10:01 DEBUG o.m.s.mapper.ClassPathMapperScanner - [ClassPathScanningCandidateComponentProvider.java:476] Identified candidate component class: file [D:\projects\yxbear.top\yxsg\sg\target\classes\com\yxbear\sg\domain\mapper\sys\SysUserMapper.class]
2025-05-19 18:10:01 DEBUG o.m.s.mapper.ClassPathMapperScanner - [Logger.java:49] Creating MapperFactoryBean with name 'cfgBuildingConditionMapper' and 'com.yxbear.sg.domain.mapper.cfg.CfgBuildingConditionMapper' mapperInterface
2025-05-19 18:10:01 DEBUG o.m.s.mapper.ClassPathMapperScanner - [Logger.java:49] Creating MapperFactoryBean with name 'cfgBuildingLevelMapper' and 'com.yxbear.sg.domain.mapper.cfg.CfgBuildingLevelMapper' mapperInterface
2025-05-19 18:10:01 DEBUG o.m.s.mapper.ClassPathMapperScanner - [Logger.java:49] Creating MapperFactoryBean with name 'cfgBuildingMapper' and 'com.yxbear.sg.domain.mapper.cfg.CfgBuildingMapper' mapperInterface
2025-05-19 18:10:01 DEBUG o.m.s.mapper.ClassPathMapperScanner - [Logger.java:49] Creating MapperFactoryBean with name 'cfgGoodsMapper' and 'com.yxbear.sg.domain.mapper.cfg.CfgGoodsMapper' mapperInterface
2025-05-19 18:10:01 DEBUG o.m.s.mapper.ClassPathMapperScanner - [Logger.java:49] Creating MapperFactoryBean with name 'giCityExtMapper' and 'com.yxbear.sg.domain.mapper.gi.ext.GiCityExtMapper' mapperInterface
2025-05-19 18:10:01 DEBUG o.m.s.mapper.ClassPathMapperScanner - [Logger.java:49] Creating MapperFactoryBean with name 'giCityResourceExtMapper' and 'com.yxbear.sg.domain.mapper.gi.ext.GiCityResourceExtMapper' mapperInterface
2025-05-19 18:10:01 DEBUG o.m.s.mapper.ClassPathMapperScanner - [Logger.java:49] Creating MapperFactoryBean with name 'giCityBuildMapper' and 'com.yxbear.sg.domain.mapper.gi.GiCityBuildMapper' mapperInterface
2025-05-19 18:10:01 DEBUG o.m.s.mapper.ClassPathMapperScanner - [Logger.java:49] Creating MapperFactoryBean with name 'giCityDefenceMapper' and 'com.yxbear.sg.domain.mapper.gi.GiCityDefenceMapper' mapperInterface
2025-05-19 18:10:01 DEBUG o.m.s.mapper.ClassPathMapperScanner - [Logger.java:49] Creating MapperFactoryBean with name 'giCityHeroMapper' and 'com.yxbear.sg.domain.mapper.gi.GiCityHeroMapper' mapperInterface
2025-05-19 18:10:01 DEBUG o.m.s.mapper.ClassPathMapperScanner - [Logger.java:49] Creating MapperFactoryBean with name 'giCityMapper' and 'com.yxbear.sg.domain.mapper.gi.GiCityMapper' mapperInterface
2025-05-19 18:10:01 DEBUG o.m.s.mapper.ClassPathMapperScanner - [Logger.java:49] Creating MapperFactoryBean with name 'giCityResourceAddMapper' and 'com.yxbear.sg.domain.mapper.gi.GiCityResourceAddMapper' mapperInterface
2025-05-19 18:10:01 DEBUG o.m.s.mapper.ClassPathMapperScanner - [Logger.java:49] Creating MapperFactoryBean with name 'giCityResourceMapper' and 'com.yxbear.sg.domain.mapper.gi.GiCityResourceMapper' mapperInterface
2025-05-19 18:10:01 DEBUG o.m.s.mapper.ClassPathMapperScanner - [Logger.java:49] Creating MapperFactoryBean with name 'giCitySoldierMapper' and 'com.yxbear.sg.domain.mapper.gi.GiCitySoldierMapper' mapperInterface
2025-05-19 18:10:01 DEBUG o.m.s.mapper.ClassPathMapperScanner - [Logger.java:49] Creating MapperFactoryBean with name 'giGoodsMapper' and 'com.yxbear.sg.domain.mapper.gi.GiGoodsMapper' mapperInterface
2025-05-19 18:10:01 DEBUG o.m.s.mapper.ClassPathMapperScanner - [Logger.java:49] Creating MapperFactoryBean with name 'giPlayerMapper' and 'com.yxbear.sg.domain.mapper.gi.GiPlayerMapper' mapperInterface
2025-05-19 18:10:01 DEBUG o.m.s.mapper.ClassPathMapperScanner - [Logger.java:49] Creating MapperFactoryBean with name 'giUnionMapper' and 'com.yxbear.sg.domain.mapper.gi.GiUnionMapper' mapperInterface
2025-05-19 18:10:01 DEBUG o.m.s.mapper.ClassPathMapperScanner - [Logger.java:49] Creating MapperFactoryBean with name 'memCityBuildUpgradingMapper' and 'com.yxbear.sg.domain.mapper.mem.MemCityBuildUpgradingMapper' mapperInterface
2025-05-19 18:10:01 DEBUG o.m.s.mapper.ClassPathMapperScanner - [Logger.java:49] Creating MapperFactoryBean with name 'memTechnicUpgradingMapper' and 'com.yxbear.sg.domain.mapper.mem.MemTechnicUpgradingMapper' mapperInterface
2025-05-19 18:10:01 DEBUG o.m.s.mapper.ClassPathMapperScanner - [Logger.java:49] Creating MapperFactoryBean with name 'memWorldTileExtMapper' and 'com.yxbear.sg.domain.mapper.mem.MemWorldTileExtMapper' mapperInterface
2025-05-19 18:10:01 DEBUG o.m.s.mapper.ClassPathMapperScanner - [Logger.java:49] Creating MapperFactoryBean with name 'memWorldTileMapper' and 'com.yxbear.sg.domain.mapper.mem.MemWorldTileMapper' mapperInterface
2025-05-19 18:10:01 DEBUG o.m.s.mapper.ClassPathMapperScanner - [Logger.java:49] Creating MapperFactoryBean with name 'sysUserLogMapper' and 'com.yxbear.sg.domain.mapper.sys.SysUserLogMapper' mapperInterface
2025-05-19 18:10:01 DEBUG o.m.s.mapper.ClassPathMapperScanner - [Logger.java:49] Creating MapperFactoryBean with name 'sysUserMapper' and 'com.yxbear.sg.domain.mapper.sys.SysUserMapper' mapperInterface
2025-05-19 18:10:02 INFO  o.s.b.w.s.c.ServletWebServerApplicationContext - [ServletWebServerApplicationContext.java:301] Root WebApplicationContext: initialization completed in 2187 ms
2025-05-19 18:10:07 DEBUG o.m.spring.SqlSessionFactoryBean - [Logger.java:49] Property 'mapperLocations' was not specified.
2025-05-19 18:10:08 INFO  c.yxbear.core.coder.CoderController - [CoderController.java:43] 代码生成器加载成功!========================>
2025-05-19 18:10:08 DEBUG o.m.s.b.a.MybatisAutoConfiguration - [MybatisAutoConfiguration.java:319] Not found configuration for registering mapper bean using @MapperScan, MapperFactoryBean and MapperScannerConfigurer.
2025-05-19 18:10:09 INFO  com.yxbear.sg.SgAppMain - [StartupInfoLogger.java:59] Started SgAppMain in 9.922 seconds (process running for 10.458)
2025-05-19 18:10:15 INFO  o.s.web.servlet.DispatcherServlet - [FrameworkServlet.java:532] Initializing Servlet 'dispatcherServlet'
2025-05-19 18:10:15 INFO  o.s.web.servlet.DispatcherServlet - [FrameworkServlet.java:554] Completed initialization in 1 ms
2025-05-19 18:11:28 INFO  com.yxbear.sg.SgAppMain - [StartupInfoLogger.java:53] Starting SgAppMain v1.0.0 using Java 21.0.3 with PID 21756 (D:\projects\yxbear.top\yxsg\sg\target\classes started by Administrator in D:\projects\yxbear.top\yxsg\sg)
2025-05-19 18:11:28 INFO  com.yxbear.sg.SgAppMain - [SpringApplication.java:652] No active profile set, falling back to 1 default profile: "default"
2025-05-19 18:11:29 DEBUG o.m.s.b.a.MybatisAutoConfiguration - [MybatisAutoConfiguration.java:247] Searching for mappers annotated with @Mapper
2025-05-19 18:11:29 DEBUG o.m.s.b.a.MybatisAutoConfiguration - [MybatisAutoConfiguration.java:251] Using auto-configuration base package 'com.yxbear.sg'
2025-05-19 18:11:29 DEBUG o.m.s.mapper.ClassPathMapperScanner - [ClassPathScanningCandidateComponentProvider.java:476] Identified candidate component class: file [D:\projects\yxbear.top\yxsg\sg\target\classes\com\yxbear\sg\domain\mapper\cfg\CfgBuildingConditionMapper.class]
2025-05-19 18:11:29 DEBUG o.m.s.mapper.ClassPathMapperScanner - [ClassPathScanningCandidateComponentProvider.java:476] Identified candidate component class: file [D:\projects\yxbear.top\yxsg\sg\target\classes\com\yxbear\sg\domain\mapper\cfg\CfgBuildingLevelMapper.class]
2025-05-19 18:11:29 DEBUG o.m.s.mapper.ClassPathMapperScanner - [ClassPathScanningCandidateComponentProvider.java:476] Identified candidate component class: file [D:\projects\yxbear.top\yxsg\sg\target\classes\com\yxbear\sg\domain\mapper\cfg\CfgBuildingMapper.class]
2025-05-19 18:11:29 DEBUG o.m.s.mapper.ClassPathMapperScanner - [ClassPathScanningCandidateComponentProvider.java:476] Identified candidate component class: file [D:\projects\yxbear.top\yxsg\sg\target\classes\com\yxbear\sg\domain\mapper\cfg\CfgGoodsMapper.class]
2025-05-19 18:11:29 DEBUG o.m.s.mapper.ClassPathMapperScanner - [ClassPathScanningCandidateComponentProvider.java:476] Identified candidate component class: file [D:\projects\yxbear.top\yxsg\sg\target\classes\com\yxbear\sg\domain\mapper\gi\ext\GiCityExtMapper.class]
2025-05-19 18:11:29 DEBUG o.m.s.mapper.ClassPathMapperScanner - [ClassPathScanningCandidateComponentProvider.java:476] Identified candidate component class: file [D:\projects\yxbear.top\yxsg\sg\target\classes\com\yxbear\sg\domain\mapper\gi\ext\GiCityResourceExtMapper.class]
2025-05-19 18:11:29 DEBUG o.m.s.mapper.ClassPathMapperScanner - [ClassPathScanningCandidateComponentProvider.java:476] Identified candidate component class: file [D:\projects\yxbear.top\yxsg\sg\target\classes\com\yxbear\sg\domain\mapper\gi\GiCityBuildMapper.class]
2025-05-19 18:11:29 DEBUG o.m.s.mapper.ClassPathMapperScanner - [ClassPathScanningCandidateComponentProvider.java:476] Identified candidate component class: file [D:\projects\yxbear.top\yxsg\sg\target\classes\com\yxbear\sg\domain\mapper\gi\GiCityDefenceMapper.class]
2025-05-19 18:11:29 DEBUG o.m.s.mapper.ClassPathMapperScanner - [ClassPathScanningCandidateComponentProvider.java:476] Identified candidate component class: file [D:\projects\yxbear.top\yxsg\sg\target\classes\com\yxbear\sg\domain\mapper\gi\GiCityHeroMapper.class]
2025-05-19 18:11:29 DEBUG o.m.s.mapper.ClassPathMapperScanner - [ClassPathScanningCandidateComponentProvider.java:476] Identified candidate component class: file [D:\projects\yxbear.top\yxsg\sg\target\classes\com\yxbear\sg\domain\mapper\gi\GiCityMapper.class]
2025-05-19 18:11:29 DEBUG o.m.s.mapper.ClassPathMapperScanner - [ClassPathScanningCandidateComponentProvider.java:476] Identified candidate component class: file [D:\projects\yxbear.top\yxsg\sg\target\classes\com\yxbear\sg\domain\mapper\gi\GiCityResourceAddMapper.class]
2025-05-19 18:11:29 DEBUG o.m.s.mapper.ClassPathMapperScanner - [ClassPathScanningCandidateComponentProvider.java:476] Identified candidate component class: file [D:\projects\yxbear.top\yxsg\sg\target\classes\com\yxbear\sg\domain\mapper\gi\GiCityResourceMapper.class]
2025-05-19 18:11:29 DEBUG o.m.s.mapper.ClassPathMapperScanner - [ClassPathScanningCandidateComponentProvider.java:476] Identified candidate component class: file [D:\projects\yxbear.top\yxsg\sg\target\classes\com\yxbear\sg\domain\mapper\gi\GiCitySoldierMapper.class]
2025-05-19 18:11:29 DEBUG o.m.s.mapper.ClassPathMapperScanner - [ClassPathScanningCandidateComponentProvider.java:476] Identified candidate component class: file [D:\projects\yxbear.top\yxsg\sg\target\classes\com\yxbear\sg\domain\mapper\gi\GiGoodsMapper.class]
2025-05-19 18:11:29 DEBUG o.m.s.mapper.ClassPathMapperScanner - [ClassPathScanningCandidateComponentProvider.java:476] Identified candidate component class: file [D:\projects\yxbear.top\yxsg\sg\target\classes\com\yxbear\sg\domain\mapper\gi\GiPlayerMapper.class]
2025-05-19 18:11:29 DEBUG o.m.s.mapper.ClassPathMapperScanner - [ClassPathScanningCandidateComponentProvider.java:476] Identified candidate component class: file [D:\projects\yxbear.top\yxsg\sg\target\classes\com\yxbear\sg\domain\mapper\gi\GiUnionMapper.class]
2025-05-19 18:11:29 DEBUG o.m.s.mapper.ClassPathMapperScanner - [ClassPathScanningCandidateComponentProvider.java:476] Identified candidate component class: file [D:\projects\yxbear.top\yxsg\sg\target\classes\com\yxbear\sg\domain\mapper\mem\MemCityBuildUpgradingMapper.class]
2025-05-19 18:11:29 DEBUG o.m.s.mapper.ClassPathMapperScanner - [ClassPathScanningCandidateComponentProvider.java:476] Identified candidate component class: file [D:\projects\yxbear.top\yxsg\sg\target\classes\com\yxbear\sg\domain\mapper\mem\MemTechnicUpgradingMapper.class]
2025-05-19 18:11:29 DEBUG o.m.s.mapper.ClassPathMapperScanner - [ClassPathScanningCandidateComponentProvider.java:476] Identified candidate component class: file [D:\projects\yxbear.top\yxsg\sg\target\classes\com\yxbear\sg\domain\mapper\mem\MemWorldTileExtMapper.class]
2025-05-19 18:11:29 DEBUG o.m.s.mapper.ClassPathMapperScanner - [ClassPathScanningCandidateComponentProvider.java:476] Identified candidate component class: file [D:\projects\yxbear.top\yxsg\sg\target\classes\com\yxbear\sg\domain\mapper\mem\MemWorldTileMapper.class]
2025-05-19 18:11:29 DEBUG o.m.s.mapper.ClassPathMapperScanner - [ClassPathScanningCandidateComponentProvider.java:476] Identified candidate component class: file [D:\projects\yxbear.top\yxsg\sg\target\classes\com\yxbear\sg\domain\mapper\sys\SysUserLogMapper.class]
2025-05-19 18:11:29 DEBUG o.m.s.mapper.ClassPathMapperScanner - [ClassPathScanningCandidateComponentProvider.java:476] Identified candidate component class: file [D:\projects\yxbear.top\yxsg\sg\target\classes\com\yxbear\sg\domain\mapper\sys\SysUserMapper.class]
2025-05-19 18:11:29 DEBUG o.m.s.mapper.ClassPathMapperScanner - [Logger.java:49] Creating MapperFactoryBean with name 'cfgBuildingConditionMapper' and 'com.yxbear.sg.domain.mapper.cfg.CfgBuildingConditionMapper' mapperInterface
2025-05-19 18:11:29 DEBUG o.m.s.mapper.ClassPathMapperScanner - [Logger.java:49] Creating MapperFactoryBean with name 'cfgBuildingLevelMapper' and 'com.yxbear.sg.domain.mapper.cfg.CfgBuildingLevelMapper' mapperInterface
2025-05-19 18:11:29 DEBUG o.m.s.mapper.ClassPathMapperScanner - [Logger.java:49] Creating MapperFactoryBean with name 'cfgBuildingMapper' and 'com.yxbear.sg.domain.mapper.cfg.CfgBuildingMapper' mapperInterface
2025-05-19 18:11:29 DEBUG o.m.s.mapper.ClassPathMapperScanner - [Logger.java:49] Creating MapperFactoryBean with name 'cfgGoodsMapper' and 'com.yxbear.sg.domain.mapper.cfg.CfgGoodsMapper' mapperInterface
2025-05-19 18:11:29 DEBUG o.m.s.mapper.ClassPathMapperScanner - [Logger.java:49] Creating MapperFactoryBean with name 'giCityExtMapper' and 'com.yxbear.sg.domain.mapper.gi.ext.GiCityExtMapper' mapperInterface
2025-05-19 18:11:29 DEBUG o.m.s.mapper.ClassPathMapperScanner - [Logger.java:49] Creating MapperFactoryBean with name 'giCityResourceExtMapper' and 'com.yxbear.sg.domain.mapper.gi.ext.GiCityResourceExtMapper' mapperInterface
2025-05-19 18:11:29 DEBUG o.m.s.mapper.ClassPathMapperScanner - [Logger.java:49] Creating MapperFactoryBean with name 'giCityBuildMapper' and 'com.yxbear.sg.domain.mapper.gi.GiCityBuildMapper' mapperInterface
2025-05-19 18:11:29 DEBUG o.m.s.mapper.ClassPathMapperScanner - [Logger.java:49] Creating MapperFactoryBean with name 'giCityDefenceMapper' and 'com.yxbear.sg.domain.mapper.gi.GiCityDefenceMapper' mapperInterface
2025-05-19 18:11:29 DEBUG o.m.s.mapper.ClassPathMapperScanner - [Logger.java:49] Creating MapperFactoryBean with name 'giCityHeroMapper' and 'com.yxbear.sg.domain.mapper.gi.GiCityHeroMapper' mapperInterface
2025-05-19 18:11:29 DEBUG o.m.s.mapper.ClassPathMapperScanner - [Logger.java:49] Creating MapperFactoryBean with name 'giCityMapper' and 'com.yxbear.sg.domain.mapper.gi.GiCityMapper' mapperInterface
2025-05-19 18:11:29 DEBUG o.m.s.mapper.ClassPathMapperScanner - [Logger.java:49] Creating MapperFactoryBean with name 'giCityResourceAddMapper' and 'com.yxbear.sg.domain.mapper.gi.GiCityResourceAddMapper' mapperInterface
2025-05-19 18:11:29 DEBUG o.m.s.mapper.ClassPathMapperScanner - [Logger.java:49] Creating MapperFactoryBean with name 'giCityResourceMapper' and 'com.yxbear.sg.domain.mapper.gi.GiCityResourceMapper' mapperInterface
2025-05-19 18:11:29 DEBUG o.m.s.mapper.ClassPathMapperScanner - [Logger.java:49] Creating MapperFactoryBean with name 'giCitySoldierMapper' and 'com.yxbear.sg.domain.mapper.gi.GiCitySoldierMapper' mapperInterface
2025-05-19 18:11:29 DEBUG o.m.s.mapper.ClassPathMapperScanner - [Logger.java:49] Creating MapperFactoryBean with name 'giGoodsMapper' and 'com.yxbear.sg.domain.mapper.gi.GiGoodsMapper' mapperInterface
2025-05-19 18:11:29 DEBUG o.m.s.mapper.ClassPathMapperScanner - [Logger.java:49] Creating MapperFactoryBean with name 'giPlayerMapper' and 'com.yxbear.sg.domain.mapper.gi.GiPlayerMapper' mapperInterface
2025-05-19 18:11:29 DEBUG o.m.s.mapper.ClassPathMapperScanner - [Logger.java:49] Creating MapperFactoryBean with name 'giUnionMapper' and 'com.yxbear.sg.domain.mapper.gi.GiUnionMapper' mapperInterface
2025-05-19 18:11:29 DEBUG o.m.s.mapper.ClassPathMapperScanner - [Logger.java:49] Creating MapperFactoryBean with name 'memCityBuildUpgradingMapper' and 'com.yxbear.sg.domain.mapper.mem.MemCityBuildUpgradingMapper' mapperInterface
2025-05-19 18:11:29 DEBUG o.m.s.mapper.ClassPathMapperScanner - [Logger.java:49] Creating MapperFactoryBean with name 'memTechnicUpgradingMapper' and 'com.yxbear.sg.domain.mapper.mem.MemTechnicUpgradingMapper' mapperInterface
2025-05-19 18:11:29 DEBUG o.m.s.mapper.ClassPathMapperScanner - [Logger.java:49] Creating MapperFactoryBean with name 'memWorldTileExtMapper' and 'com.yxbear.sg.domain.mapper.mem.MemWorldTileExtMapper' mapperInterface
2025-05-19 18:11:29 DEBUG o.m.s.mapper.ClassPathMapperScanner - [Logger.java:49] Creating MapperFactoryBean with name 'memWorldTileMapper' and 'com.yxbear.sg.domain.mapper.mem.MemWorldTileMapper' mapperInterface
2025-05-19 18:11:29 DEBUG o.m.s.mapper.ClassPathMapperScanner - [Logger.java:49] Creating MapperFactoryBean with name 'sysUserLogMapper' and 'com.yxbear.sg.domain.mapper.sys.SysUserLogMapper' mapperInterface
2025-05-19 18:11:29 DEBUG o.m.s.mapper.ClassPathMapperScanner - [Logger.java:49] Creating MapperFactoryBean with name 'sysUserMapper' and 'com.yxbear.sg.domain.mapper.sys.SysUserMapper' mapperInterface
2025-05-19 18:11:30 INFO  o.s.b.w.s.c.ServletWebServerApplicationContext - [ServletWebServerApplicationContext.java:301] Root WebApplicationContext: initialization completed in 1841 ms
2025-05-19 18:11:34 DEBUG o.m.spring.SqlSessionFactoryBean - [Logger.java:49] Property 'mapperLocations' was not specified.
2025-05-19 18:11:35 INFO  c.yxbear.core.coder.CoderController - [CoderController.java:43] 代码生成器加载成功!========================>
2025-05-19 18:11:35 DEBUG o.m.s.b.a.MybatisAutoConfiguration - [MybatisAutoConfiguration.java:319] Not found configuration for registering mapper bean using @MapperScan, MapperFactoryBean and MapperScannerConfigurer.
2025-05-19 18:11:36 INFO  com.yxbear.sg.SgAppMain - [StartupInfoLogger.java:59] Started SgAppMain in 8.738 seconds (process running for 9.27)
2025-05-19 18:11:43 INFO  o.s.web.servlet.DispatcherServlet - [FrameworkServlet.java:532] Initializing Servlet 'dispatcherServlet'
2025-05-19 18:11:43 INFO  o.s.web.servlet.DispatcherServlet - [FrameworkServlet.java:554] Completed initialization in 1 ms
2025-05-19 18:27:41 INFO  com.yxbear.sg.SgAppMain - [StartupInfoLogger.java:53] Starting SgAppMain v1.0.0 using Java 21.0.3 with PID 18148 (D:\projects\yxbear.top\yxsg\sg\target\classes started by Administrator in D:\projects\yxbear.top\yxsg\sg)
2025-05-19 18:27:41 INFO  com.yxbear.sg.SgAppMain - [SpringApplication.java:652] No active profile set, falling back to 1 default profile: "default"
2025-05-19 18:27:42 DEBUG o.m.s.b.a.MybatisAutoConfiguration - [MybatisAutoConfiguration.java:247] Searching for mappers annotated with @Mapper
2025-05-19 18:27:42 DEBUG o.m.s.b.a.MybatisAutoConfiguration - [MybatisAutoConfiguration.java:251] Using auto-configuration base package 'com.yxbear.sg'
2025-05-19 18:27:42 DEBUG o.m.s.mapper.ClassPathMapperScanner - [ClassPathScanningCandidateComponentProvider.java:476] Identified candidate component class: file [D:\projects\yxbear.top\yxsg\sg\target\classes\com\yxbear\sg\domain\mapper\cfg\CfgBuildingConditionMapper.class]
2025-05-19 18:27:42 DEBUG o.m.s.mapper.ClassPathMapperScanner - [ClassPathScanningCandidateComponentProvider.java:476] Identified candidate component class: file [D:\projects\yxbear.top\yxsg\sg\target\classes\com\yxbear\sg\domain\mapper\cfg\CfgBuildingLevelMapper.class]
2025-05-19 18:27:42 DEBUG o.m.s.mapper.ClassPathMapperScanner - [ClassPathScanningCandidateComponentProvider.java:476] Identified candidate component class: file [D:\projects\yxbear.top\yxsg\sg\target\classes\com\yxbear\sg\domain\mapper\cfg\CfgBuildingMapper.class]
2025-05-19 18:27:42 DEBUG o.m.s.mapper.ClassPathMapperScanner - [ClassPathScanningCandidateComponentProvider.java:476] Identified candidate component class: file [D:\projects\yxbear.top\yxsg\sg\target\classes\com\yxbear\sg\domain\mapper\cfg\CfgGoodsMapper.class]
2025-05-19 18:27:42 DEBUG o.m.s.mapper.ClassPathMapperScanner - [ClassPathScanningCandidateComponentProvider.java:476] Identified candidate component class: file [D:\projects\yxbear.top\yxsg\sg\target\classes\com\yxbear\sg\domain\mapper\gi\ext\GiCityExtMapper.class]
2025-05-19 18:27:42 DEBUG o.m.s.mapper.ClassPathMapperScanner - [ClassPathScanningCandidateComponentProvider.java:476] Identified candidate component class: file [D:\projects\yxbear.top\yxsg\sg\target\classes\com\yxbear\sg\domain\mapper\gi\ext\GiCityResourceExtMapper.class]
2025-05-19 18:27:42 DEBUG o.m.s.mapper.ClassPathMapperScanner - [ClassPathScanningCandidateComponentProvider.java:476] Identified candidate component class: file [D:\projects\yxbear.top\yxsg\sg\target\classes\com\yxbear\sg\domain\mapper\gi\GiCityBuildMapper.class]
2025-05-19 18:27:42 DEBUG o.m.s.mapper.ClassPathMapperScanner - [ClassPathScanningCandidateComponentProvider.java:476] Identified candidate component class: file [D:\projects\yxbear.top\yxsg\sg\target\classes\com\yxbear\sg\domain\mapper\gi\GiCityDefenceMapper.class]
2025-05-19 18:27:42 DEBUG o.m.s.mapper.ClassPathMapperScanner - [ClassPathScanningCandidateComponentProvider.java:476] Identified candidate component class: file [D:\projects\yxbear.top\yxsg\sg\target\classes\com\yxbear\sg\domain\mapper\gi\GiCityHeroMapper.class]
2025-05-19 18:27:42 DEBUG o.m.s.mapper.ClassPathMapperScanner - [ClassPathScanningCandidateComponentProvider.java:476] Identified candidate component class: file [D:\projects\yxbear.top\yxsg\sg\target\classes\com\yxbear\sg\domain\mapper\gi\GiCityMapper.class]
2025-05-19 18:27:42 DEBUG o.m.s.mapper.ClassPathMapperScanner - [ClassPathScanningCandidateComponentProvider.java:476] Identified candidate component class: file [D:\projects\yxbear.top\yxsg\sg\target\classes\com\yxbear\sg\domain\mapper\gi\GiCityResourceAddMapper.class]
2025-05-19 18:27:42 DEBUG o.m.s.mapper.ClassPathMapperScanner - [ClassPathScanningCandidateComponentProvider.java:476] Identified candidate component class: file [D:\projects\yxbear.top\yxsg\sg\target\classes\com\yxbear\sg\domain\mapper\gi\GiCityResourceMapper.class]
2025-05-19 18:27:42 DEBUG o.m.s.mapper.ClassPathMapperScanner - [ClassPathScanningCandidateComponentProvider.java:476] Identified candidate component class: file [D:\projects\yxbear.top\yxsg\sg\target\classes\com\yxbear\sg\domain\mapper\gi\GiCitySoldierMapper.class]
2025-05-19 18:27:42 DEBUG o.m.s.mapper.ClassPathMapperScanner - [ClassPathScanningCandidateComponentProvider.java:476] Identified candidate component class: file [D:\projects\yxbear.top\yxsg\sg\target\classes\com\yxbear\sg\domain\mapper\gi\GiGoodsMapper.class]
2025-05-19 18:27:42 DEBUG o.m.s.mapper.ClassPathMapperScanner - [ClassPathScanningCandidateComponentProvider.java:476] Identified candidate component class: file [D:\projects\yxbear.top\yxsg\sg\target\classes\com\yxbear\sg\domain\mapper\gi\GiPlayerMapper.class]
2025-05-19 18:27:42 DEBUG o.m.s.mapper.ClassPathMapperScanner - [ClassPathScanningCandidateComponentProvider.java:476] Identified candidate component class: file [D:\projects\yxbear.top\yxsg\sg\target\classes\com\yxbear\sg\domain\mapper\gi\GiUnionMapper.class]
2025-05-19 18:27:42 DEBUG o.m.s.mapper.ClassPathMapperScanner - [ClassPathScanningCandidateComponentProvider.java:476] Identified candidate component class: file [D:\projects\yxbear.top\yxsg\sg\target\classes\com\yxbear\sg\domain\mapper\mem\MemCityBuildUpgradingMapper.class]
2025-05-19 18:27:42 DEBUG o.m.s.mapper.ClassPathMapperScanner - [ClassPathScanningCandidateComponentProvider.java:476] Identified candidate component class: file [D:\projects\yxbear.top\yxsg\sg\target\classes\com\yxbear\sg\domain\mapper\mem\MemTechnicUpgradingMapper.class]
2025-05-19 18:27:42 DEBUG o.m.s.mapper.ClassPathMapperScanner - [ClassPathScanningCandidateComponentProvider.java:476] Identified candidate component class: file [D:\projects\yxbear.top\yxsg\sg\target\classes\com\yxbear\sg\domain\mapper\mem\MemWorldTileExtMapper.class]
2025-05-19 18:27:42 DEBUG o.m.s.mapper.ClassPathMapperScanner - [ClassPathScanningCandidateComponentProvider.java:476] Identified candidate component class: file [D:\projects\yxbear.top\yxsg\sg\target\classes\com\yxbear\sg\domain\mapper\mem\MemWorldTileMapper.class]
2025-05-19 18:27:42 DEBUG o.m.s.mapper.ClassPathMapperScanner - [ClassPathScanningCandidateComponentProvider.java:476] Identified candidate component class: file [D:\projects\yxbear.top\yxsg\sg\target\classes\com\yxbear\sg\domain\mapper\sys\SysUserLogMapper.class]
2025-05-19 18:27:42 DEBUG o.m.s.mapper.ClassPathMapperScanner - [ClassPathScanningCandidateComponentProvider.java:476] Identified candidate component class: file [D:\projects\yxbear.top\yxsg\sg\target\classes\com\yxbear\sg\domain\mapper\sys\SysUserMapper.class]
2025-05-19 18:27:42 DEBUG o.m.s.mapper.ClassPathMapperScanner - [Logger.java:49] Creating MapperFactoryBean with name 'cfgBuildingConditionMapper' and 'com.yxbear.sg.domain.mapper.cfg.CfgBuildingConditionMapper' mapperInterface
2025-05-19 18:27:42 DEBUG o.m.s.mapper.ClassPathMapperScanner - [Logger.java:49] Creating MapperFactoryBean with name 'cfgBuildingLevelMapper' and 'com.yxbear.sg.domain.mapper.cfg.CfgBuildingLevelMapper' mapperInterface
2025-05-19 18:27:42 DEBUG o.m.s.mapper.ClassPathMapperScanner - [Logger.java:49] Creating MapperFactoryBean with name 'cfgBuildingMapper' and 'com.yxbear.sg.domain.mapper.cfg.CfgBuildingMapper' mapperInterface
2025-05-19 18:27:42 DEBUG o.m.s.mapper.ClassPathMapperScanner - [Logger.java:49] Creating MapperFactoryBean with name 'cfgGoodsMapper' and 'com.yxbear.sg.domain.mapper.cfg.CfgGoodsMapper' mapperInterface
2025-05-19 18:27:42 DEBUG o.m.s.mapper.ClassPathMapperScanner - [Logger.java:49] Creating MapperFactoryBean with name 'giCityExtMapper' and 'com.yxbear.sg.domain.mapper.gi.ext.GiCityExtMapper' mapperInterface
2025-05-19 18:27:42 DEBUG o.m.s.mapper.ClassPathMapperScanner - [Logger.java:49] Creating MapperFactoryBean with name 'giCityResourceExtMapper' and 'com.yxbear.sg.domain.mapper.gi.ext.GiCityResourceExtMapper' mapperInterface
2025-05-19 18:27:42 DEBUG o.m.s.mapper.ClassPathMapperScanner - [Logger.java:49] Creating MapperFactoryBean with name 'giCityBuildMapper' and 'com.yxbear.sg.domain.mapper.gi.GiCityBuildMapper' mapperInterface
2025-05-19 18:27:42 DEBUG o.m.s.mapper.ClassPathMapperScanner - [Logger.java:49] Creating MapperFactoryBean with name 'giCityDefenceMapper' and 'com.yxbear.sg.domain.mapper.gi.GiCityDefenceMapper' mapperInterface
2025-05-19 18:27:42 DEBUG o.m.s.mapper.ClassPathMapperScanner - [Logger.java:49] Creating MapperFactoryBean with name 'giCityHeroMapper' and 'com.yxbear.sg.domain.mapper.gi.GiCityHeroMapper' mapperInterface
2025-05-19 18:27:42 DEBUG o.m.s.mapper.ClassPathMapperScanner - [Logger.java:49] Creating MapperFactoryBean with name 'giCityMapper' and 'com.yxbear.sg.domain.mapper.gi.GiCityMapper' mapperInterface
2025-05-19 18:27:42 DEBUG o.m.s.mapper.ClassPathMapperScanner - [Logger.java:49] Creating MapperFactoryBean with name 'giCityResourceAddMapper' and 'com.yxbear.sg.domain.mapper.gi.GiCityResourceAddMapper' mapperInterface
2025-05-19 18:27:42 DEBUG o.m.s.mapper.ClassPathMapperScanner - [Logger.java:49] Creating MapperFactoryBean with name 'giCityResourceMapper' and 'com.yxbear.sg.domain.mapper.gi.GiCityResourceMapper' mapperInterface
2025-05-19 18:27:42 DEBUG o.m.s.mapper.ClassPathMapperScanner - [Logger.java:49] Creating MapperFactoryBean with name 'giCitySoldierMapper' and 'com.yxbear.sg.domain.mapper.gi.GiCitySoldierMapper' mapperInterface
2025-05-19 18:27:42 DEBUG o.m.s.mapper.ClassPathMapperScanner - [Logger.java:49] Creating MapperFactoryBean with name 'giGoodsMapper' and 'com.yxbear.sg.domain.mapper.gi.GiGoodsMapper' mapperInterface
2025-05-19 18:27:42 DEBUG o.m.s.mapper.ClassPathMapperScanner - [Logger.java:49] Creating MapperFactoryBean with name 'giPlayerMapper' and 'com.yxbear.sg.domain.mapper.gi.GiPlayerMapper' mapperInterface
2025-05-19 18:27:42 DEBUG o.m.s.mapper.ClassPathMapperScanner - [Logger.java:49] Creating MapperFactoryBean with name 'giUnionMapper' and 'com.yxbear.sg.domain.mapper.gi.GiUnionMapper' mapperInterface
2025-05-19 18:27:42 DEBUG o.m.s.mapper.ClassPathMapperScanner - [Logger.java:49] Creating MapperFactoryBean with name 'memCityBuildUpgradingMapper' and 'com.yxbear.sg.domain.mapper.mem.MemCityBuildUpgradingMapper' mapperInterface
2025-05-19 18:27:42 DEBUG o.m.s.mapper.ClassPathMapperScanner - [Logger.java:49] Creating MapperFactoryBean with name 'memTechnicUpgradingMapper' and 'com.yxbear.sg.domain.mapper.mem.MemTechnicUpgradingMapper' mapperInterface
2025-05-19 18:27:42 DEBUG o.m.s.mapper.ClassPathMapperScanner - [Logger.java:49] Creating MapperFactoryBean with name 'memWorldTileExtMapper' and 'com.yxbear.sg.domain.mapper.mem.MemWorldTileExtMapper' mapperInterface
2025-05-19 18:27:42 DEBUG o.m.s.mapper.ClassPathMapperScanner - [Logger.java:49] Creating MapperFactoryBean with name 'memWorldTileMapper' and 'com.yxbear.sg.domain.mapper.mem.MemWorldTileMapper' mapperInterface
2025-05-19 18:27:42 DEBUG o.m.s.mapper.ClassPathMapperScanner - [Logger.java:49] Creating MapperFactoryBean with name 'sysUserLogMapper' and 'com.yxbear.sg.domain.mapper.sys.SysUserLogMapper' mapperInterface
2025-05-19 18:27:42 DEBUG o.m.s.mapper.ClassPathMapperScanner - [Logger.java:49] Creating MapperFactoryBean with name 'sysUserMapper' and 'com.yxbear.sg.domain.mapper.sys.SysUserMapper' mapperInterface
2025-05-19 18:27:43 INFO  o.s.b.w.s.c.ServletWebServerApplicationContext - [ServletWebServerApplicationContext.java:301] Root WebApplicationContext: initialization completed in 1997 ms
2025-05-19 18:27:48 DEBUG o.m.spring.SqlSessionFactoryBean - [Logger.java:49] Property 'mapperLocations' was not specified.
2025-05-19 18:27:48 INFO  c.yxbear.core.coder.CoderController - [CoderController.java:43] 代码生成器加载成功!========================>
2025-05-19 18:27:49 DEBUG o.m.s.b.a.MybatisAutoConfiguration - [MybatisAutoConfiguration.java:319] Not found configuration for registering mapper bean using @MapperScan, MapperFactoryBean and MapperScannerConfigurer.
2025-05-19 18:27:50 INFO  com.yxbear.sg.SgAppMain - [StartupInfoLogger.java:59] Started SgAppMain in 9.574 seconds (process running for 10.136)
2025-05-19 18:27:50 INFO  o.s.web.servlet.DispatcherServlet - [FrameworkServlet.java:532] Initializing Servlet 'dispatcherServlet'
2025-05-19 18:27:50 INFO  o.s.web.servlet.DispatcherServlet - [FrameworkServlet.java:554] Completed initialization in 1 ms
2025-05-19 18:29:41 INFO  com.yxbear.sg.SgAppMain - [StartupInfoLogger.java:53] Starting SgAppMain v1.0.0 using Java 21.0.3 with PID 34024 (D:\projects\yxbear.top\yxsg\sg\target\classes started by Administrator in D:\projects\yxbear.top\yxsg\sg)
2025-05-19 18:29:41 INFO  com.yxbear.sg.SgAppMain - [SpringApplication.java:652] No active profile set, falling back to 1 default profile: "default"
2025-05-19 18:29:42 DEBUG o.m.s.b.a.MybatisAutoConfiguration - [MybatisAutoConfiguration.java:247] Searching for mappers annotated with @Mapper
2025-05-19 18:29:42 DEBUG o.m.s.b.a.MybatisAutoConfiguration - [MybatisAutoConfiguration.java:251] Using auto-configuration base package 'com.yxbear.sg'
2025-05-19 18:29:43 DEBUG o.m.s.mapper.ClassPathMapperScanner - [ClassPathScanningCandidateComponentProvider.java:476] Identified candidate component class: file [D:\projects\yxbear.top\yxsg\sg\target\classes\com\yxbear\sg\domain\mapper\cfg\CfgBuildingConditionMapper.class]
2025-05-19 18:29:43 DEBUG o.m.s.mapper.ClassPathMapperScanner - [ClassPathScanningCandidateComponentProvider.java:476] Identified candidate component class: file [D:\projects\yxbear.top\yxsg\sg\target\classes\com\yxbear\sg\domain\mapper\cfg\CfgBuildingLevelMapper.class]
2025-05-19 18:29:43 DEBUG o.m.s.mapper.ClassPathMapperScanner - [ClassPathScanningCandidateComponentProvider.java:476] Identified candidate component class: file [D:\projects\yxbear.top\yxsg\sg\target\classes\com\yxbear\sg\domain\mapper\cfg\CfgBuildingMapper.class]
2025-05-19 18:29:43 DEBUG o.m.s.mapper.ClassPathMapperScanner - [ClassPathScanningCandidateComponentProvider.java:476] Identified candidate component class: file [D:\projects\yxbear.top\yxsg\sg\target\classes\com\yxbear\sg\domain\mapper\cfg\CfgGoodsMapper.class]
2025-05-19 18:29:43 DEBUG o.m.s.mapper.ClassPathMapperScanner - [ClassPathScanningCandidateComponentProvider.java:476] Identified candidate component class: file [D:\projects\yxbear.top\yxsg\sg\target\classes\com\yxbear\sg\domain\mapper\gi\ext\GiCityExtMapper.class]
2025-05-19 18:29:43 DEBUG o.m.s.mapper.ClassPathMapperScanner - [ClassPathScanningCandidateComponentProvider.java:476] Identified candidate component class: file [D:\projects\yxbear.top\yxsg\sg\target\classes\com\yxbear\sg\domain\mapper\gi\ext\GiCityResourceExtMapper.class]
2025-05-19 18:29:43 DEBUG o.m.s.mapper.ClassPathMapperScanner - [ClassPathScanningCandidateComponentProvider.java:476] Identified candidate component class: file [D:\projects\yxbear.top\yxsg\sg\target\classes\com\yxbear\sg\domain\mapper\gi\GiCityBuildMapper.class]
2025-05-19 18:29:43 DEBUG o.m.s.mapper.ClassPathMapperScanner - [ClassPathScanningCandidateComponentProvider.java:476] Identified candidate component class: file [D:\projects\yxbear.top\yxsg\sg\target\classes\com\yxbear\sg\domain\mapper\gi\GiCityDefenceMapper.class]
2025-05-19 18:29:43 DEBUG o.m.s.mapper.ClassPathMapperScanner - [ClassPathScanningCandidateComponentProvider.java:476] Identified candidate component class: file [D:\projects\yxbear.top\yxsg\sg\target\classes\com\yxbear\sg\domain\mapper\gi\GiCityHeroMapper.class]
2025-05-19 18:29:43 DEBUG o.m.s.mapper.ClassPathMapperScanner - [ClassPathScanningCandidateComponentProvider.java:476] Identified candidate component class: file [D:\projects\yxbear.top\yxsg\sg\target\classes\com\yxbear\sg\domain\mapper\gi\GiCityMapper.class]
2025-05-19 18:29:43 DEBUG o.m.s.mapper.ClassPathMapperScanner - [ClassPathScanningCandidateComponentProvider.java:476] Identified candidate component class: file [D:\projects\yxbear.top\yxsg\sg\target\classes\com\yxbear\sg\domain\mapper\gi\GiCityResourceAddMapper.class]
2025-05-19 18:29:43 DEBUG o.m.s.mapper.ClassPathMapperScanner - [ClassPathScanningCandidateComponentProvider.java:476] Identified candidate component class: file [D:\projects\yxbear.top\yxsg\sg\target\classes\com\yxbear\sg\domain\mapper\gi\GiCityResourceMapper.class]
2025-05-19 18:29:43 DEBUG o.m.s.mapper.ClassPathMapperScanner - [ClassPathScanningCandidateComponentProvider.java:476] Identified candidate component class: file [D:\projects\yxbear.top\yxsg\sg\target\classes\com\yxbear\sg\domain\mapper\gi\GiCitySoldierMapper.class]
2025-05-19 18:29:43 DEBUG o.m.s.mapper.ClassPathMapperScanner - [ClassPathScanningCandidateComponentProvider.java:476] Identified candidate component class: file [D:\projects\yxbear.top\yxsg\sg\target\classes\com\yxbear\sg\domain\mapper\gi\GiGoodsMapper.class]
2025-05-19 18:29:43 DEBUG o.m.s.mapper.ClassPathMapperScanner - [ClassPathScanningCandidateComponentProvider.java:476] Identified candidate component class: file [D:\projects\yxbear.top\yxsg\sg\target\classes\com\yxbear\sg\domain\mapper\gi\GiPlayerMapper.class]
2025-05-19 18:29:43 DEBUG o.m.s.mapper.ClassPathMapperScanner - [ClassPathScanningCandidateComponentProvider.java:476] Identified candidate component class: file [D:\projects\yxbear.top\yxsg\sg\target\classes\com\yxbear\sg\domain\mapper\gi\GiUnionMapper.class]
2025-05-19 18:29:43 DEBUG o.m.s.mapper.ClassPathMapperScanner - [ClassPathScanningCandidateComponentProvider.java:476] Identified candidate component class: file [D:\projects\yxbear.top\yxsg\sg\target\classes\com\yxbear\sg\domain\mapper\mem\MemCityBuildUpgradingMapper.class]
2025-05-19 18:29:43 DEBUG o.m.s.mapper.ClassPathMapperScanner - [ClassPathScanningCandidateComponentProvider.java:476] Identified candidate component class: file [D:\projects\yxbear.top\yxsg\sg\target\classes\com\yxbear\sg\domain\mapper\mem\MemTechnicUpgradingMapper.class]
2025-05-19 18:29:43 DEBUG o.m.s.mapper.ClassPathMapperScanner - [ClassPathScanningCandidateComponentProvider.java:476] Identified candidate component class: file [D:\projects\yxbear.top\yxsg\sg\target\classes\com\yxbear\sg\domain\mapper\mem\MemWorldTileExtMapper.class]
2025-05-19 18:29:43 DEBUG o.m.s.mapper.ClassPathMapperScanner - [ClassPathScanningCandidateComponentProvider.java:476] Identified candidate component class: file [D:\projects\yxbear.top\yxsg\sg\target\classes\com\yxbear\sg\domain\mapper\mem\MemWorldTileMapper.class]
2025-05-19 18:29:43 DEBUG o.m.s.mapper.ClassPathMapperScanner - [ClassPathScanningCandidateComponentProvider.java:476] Identified candidate component class: file [D:\projects\yxbear.top\yxsg\sg\target\classes\com\yxbear\sg\domain\mapper\sys\SysUserLogMapper.class]
2025-05-19 18:29:43 DEBUG o.m.s.mapper.ClassPathMapperScanner - [ClassPathScanningCandidateComponentProvider.java:476] Identified candidate component class: file [D:\projects\yxbear.top\yxsg\sg\target\classes\com\yxbear\sg\domain\mapper\sys\SysUserMapper.class]
2025-05-19 18:29:43 DEBUG o.m.s.mapper.ClassPathMapperScanner - [Logger.java:49] Creating MapperFactoryBean with name 'cfgBuildingConditionMapper' and 'com.yxbear.sg.domain.mapper.cfg.CfgBuildingConditionMapper' mapperInterface
2025-05-19 18:29:43 DEBUG o.m.s.mapper.ClassPathMapperScanner - [Logger.java:49] Creating MapperFactoryBean with name 'cfgBuildingLevelMapper' and 'com.yxbear.sg.domain.mapper.cfg.CfgBuildingLevelMapper' mapperInterface
2025-05-19 18:29:43 DEBUG o.m.s.mapper.ClassPathMapperScanner - [Logger.java:49] Creating MapperFactoryBean with name 'cfgBuildingMapper' and 'com.yxbear.sg.domain.mapper.cfg.CfgBuildingMapper' mapperInterface
2025-05-19 18:29:43 DEBUG o.m.s.mapper.ClassPathMapperScanner - [Logger.java:49] Creating MapperFactoryBean with name 'cfgGoodsMapper' and 'com.yxbear.sg.domain.mapper.cfg.CfgGoodsMapper' mapperInterface
2025-05-19 18:29:43 DEBUG o.m.s.mapper.ClassPathMapperScanner - [Logger.java:49] Creating MapperFactoryBean with name 'giCityExtMapper' and 'com.yxbear.sg.domain.mapper.gi.ext.GiCityExtMapper' mapperInterface
2025-05-19 18:29:43 DEBUG o.m.s.mapper.ClassPathMapperScanner - [Logger.java:49] Creating MapperFactoryBean with name 'giCityResourceExtMapper' and 'com.yxbear.sg.domain.mapper.gi.ext.GiCityResourceExtMapper' mapperInterface
2025-05-19 18:29:43 DEBUG o.m.s.mapper.ClassPathMapperScanner - [Logger.java:49] Creating MapperFactoryBean with name 'giCityBuildMapper' and 'com.yxbear.sg.domain.mapper.gi.GiCityBuildMapper' mapperInterface
2025-05-19 18:29:43 DEBUG o.m.s.mapper.ClassPathMapperScanner - [Logger.java:49] Creating MapperFactoryBean with name 'giCityDefenceMapper' and 'com.yxbear.sg.domain.mapper.gi.GiCityDefenceMapper' mapperInterface
2025-05-19 18:29:43 DEBUG o.m.s.mapper.ClassPathMapperScanner - [Logger.java:49] Creating MapperFactoryBean with name 'giCityHeroMapper' and 'com.yxbear.sg.domain.mapper.gi.GiCityHeroMapper' mapperInterface
2025-05-19 18:29:43 DEBUG o.m.s.mapper.ClassPathMapperScanner - [Logger.java:49] Creating MapperFactoryBean with name 'giCityMapper' and 'com.yxbear.sg.domain.mapper.gi.GiCityMapper' mapperInterface
2025-05-19 18:29:43 DEBUG o.m.s.mapper.ClassPathMapperScanner - [Logger.java:49] Creating MapperFactoryBean with name 'giCityResourceAddMapper' and 'com.yxbear.sg.domain.mapper.gi.GiCityResourceAddMapper' mapperInterface
2025-05-19 18:29:43 DEBUG o.m.s.mapper.ClassPathMapperScanner - [Logger.java:49] Creating MapperFactoryBean with name 'giCityResourceMapper' and 'com.yxbear.sg.domain.mapper.gi.GiCityResourceMapper' mapperInterface
2025-05-19 18:29:43 DEBUG o.m.s.mapper.ClassPathMapperScanner - [Logger.java:49] Creating MapperFactoryBean with name 'giCitySoldierMapper' and 'com.yxbear.sg.domain.mapper.gi.GiCitySoldierMapper' mapperInterface
2025-05-19 18:29:43 DEBUG o.m.s.mapper.ClassPathMapperScanner - [Logger.java:49] Creating MapperFactoryBean with name 'giGoodsMapper' and 'com.yxbear.sg.domain.mapper.gi.GiGoodsMapper' mapperInterface
2025-05-19 18:29:43 DEBUG o.m.s.mapper.ClassPathMapperScanner - [Logger.java:49] Creating MapperFactoryBean with name 'giPlayerMapper' and 'com.yxbear.sg.domain.mapper.gi.GiPlayerMapper' mapperInterface
2025-05-19 18:29:43 DEBUG o.m.s.mapper.ClassPathMapperScanner - [Logger.java:49] Creating MapperFactoryBean with name 'giUnionMapper' and 'com.yxbear.sg.domain.mapper.gi.GiUnionMapper' mapperInterface
2025-05-19 18:29:43 DEBUG o.m.s.mapper.ClassPathMapperScanner - [Logger.java:49] Creating MapperFactoryBean with name 'memCityBuildUpgradingMapper' and 'com.yxbear.sg.domain.mapper.mem.MemCityBuildUpgradingMapper' mapperInterface
2025-05-19 18:29:43 DEBUG o.m.s.mapper.ClassPathMapperScanner - [Logger.java:49] Creating MapperFactoryBean with name 'memTechnicUpgradingMapper' and 'com.yxbear.sg.domain.mapper.mem.MemTechnicUpgradingMapper' mapperInterface
2025-05-19 18:29:43 DEBUG o.m.s.mapper.ClassPathMapperScanner - [Logger.java:49] Creating MapperFactoryBean with name 'memWorldTileExtMapper' and 'com.yxbear.sg.domain.mapper.mem.MemWorldTileExtMapper' mapperInterface
2025-05-19 18:29:43 DEBUG o.m.s.mapper.ClassPathMapperScanner - [Logger.java:49] Creating MapperFactoryBean with name 'memWorldTileMapper' and 'com.yxbear.sg.domain.mapper.mem.MemWorldTileMapper' mapperInterface
2025-05-19 18:29:43 DEBUG o.m.s.mapper.ClassPathMapperScanner - [Logger.java:49] Creating MapperFactoryBean with name 'sysUserLogMapper' and 'com.yxbear.sg.domain.mapper.sys.SysUserLogMapper' mapperInterface
2025-05-19 18:29:43 DEBUG o.m.s.mapper.ClassPathMapperScanner - [Logger.java:49] Creating MapperFactoryBean with name 'sysUserMapper' and 'com.yxbear.sg.domain.mapper.sys.SysUserMapper' mapperInterface
2025-05-19 18:29:43 INFO  o.s.b.w.s.c.ServletWebServerApplicationContext - [ServletWebServerApplicationContext.java:301] Root WebApplicationContext: initialization completed in 1940 ms
2025-05-19 18:29:48 DEBUG o.m.spring.SqlSessionFactoryBean - [Logger.java:49] Property 'mapperLocations' was not specified.
2025-05-19 18:29:49 INFO  c.yxbear.core.coder.CoderController - [CoderController.java:43] 代码生成器加载成功!========================>
2025-05-19 18:29:49 DEBUG o.m.s.b.a.MybatisAutoConfiguration - [MybatisAutoConfiguration.java:319] Not found configuration for registering mapper bean using @MapperScan, MapperFactoryBean and MapperScannerConfigurer.
2025-05-19 18:29:49 INFO  o.s.web.servlet.DispatcherServlet - [FrameworkServlet.java:532] Initializing Servlet 'dispatcherServlet'
2025-05-19 18:29:49 INFO  o.s.web.servlet.DispatcherServlet - [FrameworkServlet.java:554] Completed initialization in 1 ms
2025-05-19 18:29:50 INFO  com.yxbear.sg.SgAppMain - [StartupInfoLogger.java:59] Started SgAppMain in 9.18 seconds (process running for 9.686)
2025-05-19 18:33:26 INFO  com.yxbear.sg.SgAppMain - [StartupInfoLogger.java:53] Starting SgAppMain v1.0.0 using Java 21.0.3 with PID 18356 (D:\projects\yxbear.top\yxsg\sg\target\classes started by Administrator in D:\projects\yxbear.top\yxsg\sg)
2025-05-19 18:33:26 INFO  com.yxbear.sg.SgAppMain - [SpringApplication.java:652] No active profile set, falling back to 1 default profile: "default"
2025-05-19 18:33:27 DEBUG o.m.s.b.a.MybatisAutoConfiguration - [MybatisAutoConfiguration.java:247] Searching for mappers annotated with @Mapper
2025-05-19 18:33:27 DEBUG o.m.s.b.a.MybatisAutoConfiguration - [MybatisAutoConfiguration.java:251] Using auto-configuration base package 'com.yxbear.sg'
2025-05-19 18:33:28 DEBUG o.m.s.mapper.ClassPathMapperScanner - [ClassPathScanningCandidateComponentProvider.java:476] Identified candidate component class: file [D:\projects\yxbear.top\yxsg\sg\target\classes\com\yxbear\sg\domain\mapper\cfg\CfgBuildingConditionMapper.class]
2025-05-19 18:33:28 DEBUG o.m.s.mapper.ClassPathMapperScanner - [ClassPathScanningCandidateComponentProvider.java:476] Identified candidate component class: file [D:\projects\yxbear.top\yxsg\sg\target\classes\com\yxbear\sg\domain\mapper\cfg\CfgBuildingLevelMapper.class]
2025-05-19 18:33:28 DEBUG o.m.s.mapper.ClassPathMapperScanner - [ClassPathScanningCandidateComponentProvider.java:476] Identified candidate component class: file [D:\projects\yxbear.top\yxsg\sg\target\classes\com\yxbear\sg\domain\mapper\cfg\CfgBuildingMapper.class]
2025-05-19 18:33:28 DEBUG o.m.s.mapper.ClassPathMapperScanner - [ClassPathScanningCandidateComponentProvider.java:476] Identified candidate component class: file [D:\projects\yxbear.top\yxsg\sg\target\classes\com\yxbear\sg\domain\mapper\cfg\CfgGoodsMapper.class]
2025-05-19 18:33:28 DEBUG o.m.s.mapper.ClassPathMapperScanner - [ClassPathScanningCandidateComponentProvider.java:476] Identified candidate component class: file [D:\projects\yxbear.top\yxsg\sg\target\classes\com\yxbear\sg\domain\mapper\gi\ext\GiCityExtMapper.class]
2025-05-19 18:33:28 DEBUG o.m.s.mapper.ClassPathMapperScanner - [ClassPathScanningCandidateComponentProvider.java:476] Identified candidate component class: file [D:\projects\yxbear.top\yxsg\sg\target\classes\com\yxbear\sg\domain\mapper\gi\ext\GiCityResourceExtMapper.class]
2025-05-19 18:33:28 DEBUG o.m.s.mapper.ClassPathMapperScanner - [ClassPathScanningCandidateComponentProvider.java:476] Identified candidate component class: file [D:\projects\yxbear.top\yxsg\sg\target\classes\com\yxbear\sg\domain\mapper\gi\GiCityBuildMapper.class]
2025-05-19 18:33:28 DEBUG o.m.s.mapper.ClassPathMapperScanner - [ClassPathScanningCandidateComponentProvider.java:476] Identified candidate component class: file [D:\projects\yxbear.top\yxsg\sg\target\classes\com\yxbear\sg\domain\mapper\gi\GiCityDefenceMapper.class]
2025-05-19 18:33:28 DEBUG o.m.s.mapper.ClassPathMapperScanner - [ClassPathScanningCandidateComponentProvider.java:476] Identified candidate component class: file [D:\projects\yxbear.top\yxsg\sg\target\classes\com\yxbear\sg\domain\mapper\gi\GiCityHeroMapper.class]
2025-05-19 18:33:28 DEBUG o.m.s.mapper.ClassPathMapperScanner - [ClassPathScanningCandidateComponentProvider.java:476] Identified candidate component class: file [D:\projects\yxbear.top\yxsg\sg\target\classes\com\yxbear\sg\domain\mapper\gi\GiCityMapper.class]
2025-05-19 18:33:28 DEBUG o.m.s.mapper.ClassPathMapperScanner - [ClassPathScanningCandidateComponentProvider.java:476] Identified candidate component class: file [D:\projects\yxbear.top\yxsg\sg\target\classes\com\yxbear\sg\domain\mapper\gi\GiCityResourceAddMapper.class]
2025-05-19 18:33:28 DEBUG o.m.s.mapper.ClassPathMapperScanner - [ClassPathScanningCandidateComponentProvider.java:476] Identified candidate component class: file [D:\projects\yxbear.top\yxsg\sg\target\classes\com\yxbear\sg\domain\mapper\gi\GiCityResourceMapper.class]
2025-05-19 18:33:28 DEBUG o.m.s.mapper.ClassPathMapperScanner - [ClassPathScanningCandidateComponentProvider.java:476] Identified candidate component class: file [D:\projects\yxbear.top\yxsg\sg\target\classes\com\yxbear\sg\domain\mapper\gi\GiCitySoldierMapper.class]
2025-05-19 18:33:28 DEBUG o.m.s.mapper.ClassPathMapperScanner - [ClassPathScanningCandidateComponentProvider.java:476] Identified candidate component class: file [D:\projects\yxbear.top\yxsg\sg\target\classes\com\yxbear\sg\domain\mapper\gi\GiGoodsMapper.class]
2025-05-19 18:33:28 DEBUG o.m.s.mapper.ClassPathMapperScanner - [ClassPathScanningCandidateComponentProvider.java:476] Identified candidate component class: file [D:\projects\yxbear.top\yxsg\sg\target\classes\com\yxbear\sg\domain\mapper\gi\GiPlayerMapper.class]
2025-05-19 18:33:28 DEBUG o.m.s.mapper.ClassPathMapperScanner - [ClassPathScanningCandidateComponentProvider.java:476] Identified candidate component class: file [D:\projects\yxbear.top\yxsg\sg\target\classes\com\yxbear\sg\domain\mapper\gi\GiUnionMapper.class]
2025-05-19 18:33:28 DEBUG o.m.s.mapper.ClassPathMapperScanner - [ClassPathScanningCandidateComponentProvider.java:476] Identified candidate component class: file [D:\projects\yxbear.top\yxsg\sg\target\classes\com\yxbear\sg\domain\mapper\mem\MemCityBuildUpgradingMapper.class]
2025-05-19 18:33:28 DEBUG o.m.s.mapper.ClassPathMapperScanner - [ClassPathScanningCandidateComponentProvider.java:476] Identified candidate component class: file [D:\projects\yxbear.top\yxsg\sg\target\classes\com\yxbear\sg\domain\mapper\mem\MemTechnicUpgradingMapper.class]
2025-05-19 18:33:28 DEBUG o.m.s.mapper.ClassPathMapperScanner - [ClassPathScanningCandidateComponentProvider.java:476] Identified candidate component class: file [D:\projects\yxbear.top\yxsg\sg\target\classes\com\yxbear\sg\domain\mapper\mem\MemWorldTileExtMapper.class]
2025-05-19 18:33:28 DEBUG o.m.s.mapper.ClassPathMapperScanner - [ClassPathScanningCandidateComponentProvider.java:476] Identified candidate component class: file [D:\projects\yxbear.top\yxsg\sg\target\classes\com\yxbear\sg\domain\mapper\mem\MemWorldTileMapper.class]
2025-05-19 18:33:28 DEBUG o.m.s.mapper.ClassPathMapperScanner - [ClassPathScanningCandidateComponentProvider.java:476] Identified candidate component class: file [D:\projects\yxbear.top\yxsg\sg\target\classes\com\yxbear\sg\domain\mapper\sys\SysUserLogMapper.class]
2025-05-19 18:33:28 DEBUG o.m.s.mapper.ClassPathMapperScanner - [ClassPathScanningCandidateComponentProvider.java:476] Identified candidate component class: file [D:\projects\yxbear.top\yxsg\sg\target\classes\com\yxbear\sg\domain\mapper\sys\SysUserMapper.class]
2025-05-19 18:33:28 DEBUG o.m.s.mapper.ClassPathMapperScanner - [Logger.java:49] Creating MapperFactoryBean with name 'cfgBuildingConditionMapper' and 'com.yxbear.sg.domain.mapper.cfg.CfgBuildingConditionMapper' mapperInterface
2025-05-19 18:33:28 DEBUG o.m.s.mapper.ClassPathMapperScanner - [Logger.java:49] Creating MapperFactoryBean with name 'cfgBuildingLevelMapper' and 'com.yxbear.sg.domain.mapper.cfg.CfgBuildingLevelMapper' mapperInterface
2025-05-19 18:33:28 DEBUG o.m.s.mapper.ClassPathMapperScanner - [Logger.java:49] Creating MapperFactoryBean with name 'cfgBuildingMapper' and 'com.yxbear.sg.domain.mapper.cfg.CfgBuildingMapper' mapperInterface
2025-05-19 18:33:28 DEBUG o.m.s.mapper.ClassPathMapperScanner - [Logger.java:49] Creating MapperFactoryBean with name 'cfgGoodsMapper' and 'com.yxbear.sg.domain.mapper.cfg.CfgGoodsMapper' mapperInterface
2025-05-19 18:33:28 DEBUG o.m.s.mapper.ClassPathMapperScanner - [Logger.java:49] Creating MapperFactoryBean with name 'giCityExtMapper' and 'com.yxbear.sg.domain.mapper.gi.ext.GiCityExtMapper' mapperInterface
2025-05-19 18:33:28 DEBUG o.m.s.mapper.ClassPathMapperScanner - [Logger.java:49] Creating MapperFactoryBean with name 'giCityResourceExtMapper' and 'com.yxbear.sg.domain.mapper.gi.ext.GiCityResourceExtMapper' mapperInterface
2025-05-19 18:33:28 DEBUG o.m.s.mapper.ClassPathMapperScanner - [Logger.java:49] Creating MapperFactoryBean with name 'giCityBuildMapper' and 'com.yxbear.sg.domain.mapper.gi.GiCityBuildMapper' mapperInterface
2025-05-19 18:33:28 DEBUG o.m.s.mapper.ClassPathMapperScanner - [Logger.java:49] Creating MapperFactoryBean with name 'giCityDefenceMapper' and 'com.yxbear.sg.domain.mapper.gi.GiCityDefenceMapper' mapperInterface
2025-05-19 18:33:28 DEBUG o.m.s.mapper.ClassPathMapperScanner - [Logger.java:49] Creating MapperFactoryBean with name 'giCityHeroMapper' and 'com.yxbear.sg.domain.mapper.gi.GiCityHeroMapper' mapperInterface
2025-05-19 18:33:28 DEBUG o.m.s.mapper.ClassPathMapperScanner - [Logger.java:49] Creating MapperFactoryBean with name 'giCityMapper' and 'com.yxbear.sg.domain.mapper.gi.GiCityMapper' mapperInterface
2025-05-19 18:33:28 DEBUG o.m.s.mapper.ClassPathMapperScanner - [Logger.java:49] Creating MapperFactoryBean with name 'giCityResourceAddMapper' and 'com.yxbear.sg.domain.mapper.gi.GiCityResourceAddMapper' mapperInterface
2025-05-19 18:33:28 DEBUG o.m.s.mapper.ClassPathMapperScanner - [Logger.java:49] Creating MapperFactoryBean with name 'giCityResourceMapper' and 'com.yxbear.sg.domain.mapper.gi.GiCityResourceMapper' mapperInterface
2025-05-19 18:33:28 DEBUG o.m.s.mapper.ClassPathMapperScanner - [Logger.java:49] Creating MapperFactoryBean with name 'giCitySoldierMapper' and 'com.yxbear.sg.domain.mapper.gi.GiCitySoldierMapper' mapperInterface
2025-05-19 18:33:28 DEBUG o.m.s.mapper.ClassPathMapperScanner - [Logger.java:49] Creating MapperFactoryBean with name 'giGoodsMapper' and 'com.yxbear.sg.domain.mapper.gi.GiGoodsMapper' mapperInterface
2025-05-19 18:33:28 DEBUG o.m.s.mapper.ClassPathMapperScanner - [Logger.java:49] Creating MapperFactoryBean with name 'giPlayerMapper' and 'com.yxbear.sg.domain.mapper.gi.GiPlayerMapper' mapperInterface
2025-05-19 18:33:28 DEBUG o.m.s.mapper.ClassPathMapperScanner - [Logger.java:49] Creating MapperFactoryBean with name 'giUnionMapper' and 'com.yxbear.sg.domain.mapper.gi.GiUnionMapper' mapperInterface
2025-05-19 18:33:28 DEBUG o.m.s.mapper.ClassPathMapperScanner - [Logger.java:49] Creating MapperFactoryBean with name 'memCityBuildUpgradingMapper' and 'com.yxbear.sg.domain.mapper.mem.MemCityBuildUpgradingMapper' mapperInterface
2025-05-19 18:33:28 DEBUG o.m.s.mapper.ClassPathMapperScanner - [Logger.java:49] Creating MapperFactoryBean with name 'memTechnicUpgradingMapper' and 'com.yxbear.sg.domain.mapper.mem.MemTechnicUpgradingMapper' mapperInterface
2025-05-19 18:33:28 DEBUG o.m.s.mapper.ClassPathMapperScanner - [Logger.java:49] Creating MapperFactoryBean with name 'memWorldTileExtMapper' and 'com.yxbear.sg.domain.mapper.mem.MemWorldTileExtMapper' mapperInterface
2025-05-19 18:33:28 DEBUG o.m.s.mapper.ClassPathMapperScanner - [Logger.java:49] Creating MapperFactoryBean with name 'memWorldTileMapper' and 'com.yxbear.sg.domain.mapper.mem.MemWorldTileMapper' mapperInterface
2025-05-19 18:33:28 DEBUG o.m.s.mapper.ClassPathMapperScanner - [Logger.java:49] Creating MapperFactoryBean with name 'sysUserLogMapper' and 'com.yxbear.sg.domain.mapper.sys.SysUserLogMapper' mapperInterface
2025-05-19 18:33:28 DEBUG o.m.s.mapper.ClassPathMapperScanner - [Logger.java:49] Creating MapperFactoryBean with name 'sysUserMapper' and 'com.yxbear.sg.domain.mapper.sys.SysUserMapper' mapperInterface
2025-05-19 18:33:29 INFO  o.s.b.w.s.c.ServletWebServerApplicationContext - [ServletWebServerApplicationContext.java:301] Root WebApplicationContext: initialization completed in 2116 ms
2025-05-19 18:33:33 DEBUG o.m.spring.SqlSessionFactoryBean - [Logger.java:49] Property 'mapperLocations' was not specified.
2025-05-19 18:33:34 INFO  c.yxbear.core.coder.CoderController - [CoderController.java:43] 代码生成器加载成功!========================>
2025-05-19 18:33:34 DEBUG o.m.s.b.a.MybatisAutoConfiguration - [MybatisAutoConfiguration.java:319] Not found configuration for registering mapper bean using @MapperScan, MapperFactoryBean and MapperScannerConfigurer.
2025-05-19 18:33:35 INFO  com.yxbear.sg.SgAppMain - [StartupInfoLogger.java:59] Started SgAppMain in 9.732 seconds (process running for 10.298)
